"","45","46","47","52","53","54","55","4","5","6","11","12","13","14","31","32","33","38","39","40","41","18","19","20","25","26","27"
"(2-aminoethyl)phosphonate",0,0,0,0,0,1.58783163128411,1.69531660623456,1.56452425891843,1.59045349600624,1.71417843967021,1.83188607438379,1.73623769729185,1.6876792635599,1.66452357440235,1.6017076148894,0,0,0,0,0,0,1.56434756526453,1.77031286357681,1.81920496090603,1.71925865699252,1.66844752029134,1.78408977632792
"2',4'-Dihydroxyacetophenone",0,0,2.69358885701981,0,0,0,2.6322466987367,3.12420239807001,0,0,0,0,2.70577893042039,2.41423216019153,0,2.62791451100413,0,0,2.64834214332092,0,2.41027991053635,3.08625113161291,0,0,0,0,2.65716325908724
"L-2-aminoadipate",1.46771124995813,0,1.51953358807504,1.47237144157434,0,1.45362208480261,1.40989619498915,1.53768357860928,1.56685424086235,1.5386302227741,0,1.33171974950847,1.38610259573641,0,0,0,1.40190541519289,0,0,1.414671419367,1.43010546122409,1.26818263605358,1.26822320186388,0,1.7141126806487,1.81118867168913,2.00748556707085
"2-Phosphoglyceric acid",2.62526492774591,0,2.54041335130361,0,0,0,0,0,2.24681389344636,0,2.56493731573708,0,0,0,2.38973017177224,0,0,0,0,2.44009311671915,0,2.30718217021446,2.61360298545118,2.32009660132373,2.49500400147599,2.45686146481028,0
"3-Dehydroshikimate",1.20646154866031,1.24627373008989,1.22420550352516,1.22434152297523,0,0,1.10432063749263,1.307946169214,1.15423763836769,1.26467182534497,1.29857899562372,1.09200471709228,1.31381047018287,1.15607135954111,1.23049396665428,0,0,1.21135800046276,1.27702084235925,1.24974830122219,1.13017688700746,1.26073165805699,1.15762896351684,1.26552866398436,0,1.32472248893022,1.2996661096958
"3-hydroxybenzaldehyde",1.01739093930613,1.00939812931552,1.01372737411424,1.01128318454504,1.00466183781947,0.987792182892274,0.991029039489576,0.98564863972379,0.978957466897435,0.970723074218617,0.991632940190571,0.95532160979115,0.974923560345239,0.957938090510314,0.985603995230541,0.996486313009539,1.00445208602572,1.02550043997712,1.0236690219038,1.03651836772406,1.00868293558871,1.01012437614459,0.985565088130869,0.996314349557664,1.01711022987791,1.03208981824978,1.02745490942033
"3-Hydroxymethylglutaric acid",1.01787447856512,1.03373181446325,1.03802537806992,1.07892659932787,1.04025579587084,1.021359812125,1.01858696522461,1.03694741042472,1.02451432787739,1.04317510593632,1.05056886589026,1.03873285162915,1.04905371923059,1.01855978780255,1.01949606622514,0.947033517586817,0.871514695642324,0.92513429571407,0.971369433434787,0.981967366476688,1.05693590380892,1.0286285664313,1.0486532528539,0.968042469096817,0.854239301096029,0.938616877385886,0.878055341809744
"3-Methylhistidine",0.990653420771766,0.948076442392472,0.924659969906241,0.916042850179454,0.968992888323811,0.950412954435698,0.933459217693783,0.998298551249035,0.991285409234274,0.993573725231163,1.03495299670093,0.992498934112136,1.02984846259311,0.958929685949795,0.973376040766168,0.976372679203835,0.99059324246378,1.06092861640638,1.05061499778589,1.0544378426258,0.918953229007227,1.0182016623921,1.05224489385172,1.03936703335303,1.05348353101254,1.08750247782999,1.09223824452789
"3-methylglutaconate",1.30244758762216,1.36702095651471,1.36108966066025,1.42846314280676,1.36707530404597,1.35001614402987,1.35841621733327,1.3694192333903,1.36041633276689,1.3937359227836,1.39872389710149,1.37973154598468,1.40521232537719,1.36784648763594,1.34845381819504,0,0,0,0,1.03946428828775,1.40744541780626,1.33676808108061,1.40454848525264,1.25370515132461,0,0,0
"3-Sulfinoalanine",1.18817807524964,0,1.15737504632972,1.18930410609882,1.15580289291911,1.37299371522471,1.29039560207156,1.12980573159436,1.14964708617244,1.08326899537692,1.16517466317667,1.25737353005216,1.29394773609861,1.19738514440581,0,1.07468587605924,0,1.15553655166212,1.07412423776752,1.17615120874791,1.2651336899122,1.11910204204507,1.1364178528948,1.00718229467726,0,1.21530613326011,1.14570778820324
"cis-vaccenate",1.24414052405721,1.25644551655853,0,1.30165719821689,0,1.23350177628541,1.19751663597731,1.18253722194197,1.2918154061979,1.39582620525817,1.25978610773207,1.32096370285536,1.36420369681555,0,1.23544542704144,0,1.36907883953752,1.40331765225928,0,1.32983484889725,0,0,1.30795711855675,1.273728485647,1.53347645387774,1.66570389150338,1.83306329078328
"6-Phosphogluconic acid",1.45767130276769,1.55221555484889,0,1.70763996580384,1.47857211312892,1.56253879440875,1.43544448118466,1.65037528030307,1.7170963952217,1.6320975738601,1.56513964084927,1.61114973995179,1.73763769889704,1.53347973238231,1.54567831421557,0,0,0,0,0,1.67140901347492,1.5794224355672,1.56243196313429,0,0,0,0
"Acetic acid",0.997168804061148,1.01069478603765,1.02142581612711,1.03636983750078,1.00790410209881,1.01215693999726,0.995205786253569,0.991424141443282,0.979976856114088,0.979315277224128,0.985517937015734,0.994037949144796,0.976412487804915,0.976918193416275,0.993148333192021,1.01699416530312,0.999516706087786,1.01267469831146,1.01677075291585,1.01032626521435,1.00016610797338,0.995939356691415,0.977473274192089,0.994345690875242,1.02125728454331,1.01821053465706,0.978647915803392
"Adenine",0.994734561846368,0.983252710732931,0.999010944758489,0.983169815998432,1.00491584857443,0.997159760631794,1.00128484557855,0.980841800335249,1.01685797820636,1.0305213740612,0.981487164242098,1.00286705115463,1.01218851021693,1.02468668270623,0.984459057956489,0.969701697952799,0.979315181630702,1.01072762789893,0.980934822876932,0.985647216469577,1.00000227091012,0.981826413474146,0.993712718768951,0.991384301320512,0.999584848869666,1.06314632069134,1.04657847213615
"Adenosine",1.03368119447447,0.995333793989566,0.985897804769085,0.869549087189001,1.0219486587564,1.03055890504844,1.03159212644179,0.991049568554148,1.06106930168465,1.08606012743784,0.990616067574649,1.02613252233585,1.07141499155309,1.08708473923494,0.96935772265491,0.85677565262562,0.848561519412537,0.995191669853511,0.840780913769892,0.979703532950583,1.03273058383055,1.00749005581383,1.02133440851017,1.00601018038627,0.971319970549874,1.11702432345635,1.07173057714199
"3'-AMP",1.0609113725193,1.0235592923347,1.04690533199373,0.967669070741185,1.03540958219546,1.0625034176735,1.04183776118289,0.973818836494132,0.89036765653839,0.984174341153308,0.925131815952687,0.973421949449636,1.00900536479714,0.961267491207063,1.03020895945336,0.995497317083429,0.947061647191153,1.00919325840116,1.03915787719095,1.0356483802861,1.0623934814264,0.923442788207668,0.956058883899127,0.933744309308125,1.01412692620638,1.06129182631504,1.03619106079797
"ADP",1.23981161796283,1.11452624648815,1.17687483399063,0,1.11636998227458,1.17003164764565,1.12764332447573,1.05991990090475,0,1.09127013195228,1.07635195160571,1.10117899036517,1.09295728375214,0.906497004286146,1.17926065535812,1.06011534055486,1.04591060441247,1.11773564915102,1.20332614016589,1.22613552166473,1.18791898411416,0,1.11394270686582,1.09952359232789,1.02809262428322,1.25569140749416,1.20891385790388
"Adenylsuccinic acid",2.11660250438975,2.10766215175913,0,0,2.12435970952733,2.05196908490262,2.0934213243181,0,0,2.08864080088113,0,0,0,0,2.12257939411434,0,0,2.11890947788332,2.11381614180016,1.96909132501608,0,0,1.99301345181001,0,0,2.07859946448666,2.02133516911135
"L-Alanine",1.00950656523717,0.990598140337239,1.00713629375213,1.05513283239741,1.00567748156645,0.979618211543578,0.977937437660053,0.994228445255541,0.98167441274745,1.00556976069268,1.01744949382954,0.971847688632584,0.998871209527956,0.956950836620672,0.988716657731587,0.972629087134505,0.989591826516507,1.02396594177708,0.99419507212222,0.994306922744904,1.05685553206927,1.02345215234123,1.0110405521581,0.977176784937569,0.986587078929485,1.03445752759418,0.99482605414291
"Allose",1.24111466001153,1.21563673272027,1.25426969840483,1.24524019536112,1.22611918802913,1.26716354808279,1.24681664832788,1.29308748821877,1.30435759340608,1.33084207196246,1.30477734424135,1.30832351979863,1.32886252105344,1.27192389721858,1.21207374053769,0,0,1.03124957804609,0,0.971533037372902,1.18425645134573,1.25151569502913,1.3081334216076,1.16507200751396,1.03763096171004,0,0
"L-allo-threonine",0.986028441943118,0.988005140192512,0.965686662250388,1.00791670810988,0.989948944319237,0.952511987795398,0.961700906759077,0.937896728403252,0.955120922816427,0.982225431125325,0.996903462331486,0.977388984339482,1.00842764453408,0.939239725260323,0.949463967986389,1.00514442658835,1.04718409710619,1.08528794839996,1.00123490645031,1.05386603353433,0.998382179696208,0.952772685212948,1.05750537117895,1.01846816205419,1.04927487612328,1.04278271812656,1.08963093736233
"2-hydroxy-2-methylpropanoate",0.98823148748107,0.989332307113024,0.996889006800679,0.989051330072967,0.988553202169846,0.973599315406393,0.984324593163256,1.01217472545634,1.0016070200904,1.01182517443682,1.01932664909919,0.982065363414518,1.01979512056337,0.983748052150814,0.976867944006381,0.964653587624763,0.975008671441825,1.01861696312879,0.982388106842373,1.00600431172588,0.970665014121634,1.02972280490338,1.0066959828133,1.00079727040694,1.01803023910066,1.05537476985436,1.05465098661104
"2-oxoglutarate",1.55776818675358,1.56640671899353,1.56863684825901,1.82946152890526,1.6983522160993,0,1.58632553966322,1.63380725432812,1.41375796665992,1.3946230317104,0,1.73425974249832,0,1.54420802781221,0,0,0,1.61445875651888,1.64590722451567,1.52801784447789,1.80982303602656,0,1.42908670233585,1.44509937444228,0,0,0
"L-Arabinol",1.23570537298246,1.31652782033329,1.30107500544807,1.37069640338512,1.41094882422029,1.33573694948834,1.37656992811412,1.27885821769108,1.39961401344271,1.3592884465025,1.45764339627658,1.41908881818018,1.39595138590017,1.36551273967044,1.35575272302169,0,0,1.24411875101301,0,0,0,1.2721997111014,1.43772093894876,1.34634180885022,0,0,1.32064874542955
"L-Arginine",0.999236042281007,0.969487034631356,1.00763375007179,1.14247309648752,0.959226277777657,0.958546288153803,0.966753027435434,0.993333966810558,0.955187140125904,1.02562692521026,0.996998895052749,0.971346796945134,1.01909250746146,0.937784844106081,0.978749754098804,0.975214415627803,0.983347942661538,1.09610326913852,1.05858726134333,0.999272542172323,1.16671596204597,1.04087755875899,1.03571541680361,0.984509215160886,0.831658110259347,0.989122901446278,0.957399057931881
"Ascorbate",1.75972612130007,0,0,0,0,0,0,1.94707951228711,1.86188047514935,1.69881346250023,1.80829283118799,0,1.28289938465498,1.51659238601409,1.74178141365101,1.44239977508473,0,1.74071054018691,0,1.35162754689345,0,1.9987324054585,1.78014530280663,1.85922250276174,0,1.85476946543863,1.35532687462456
"L-Asparagine",1.12244478030144,0.90210562835003,1.04685048154515,1.08970959180498,0.941234367371232,1.05432997662603,1.05863017320706,1.00763029845639,1.02722243315131,0.963743919764526,1.04215114273711,1.01657216375697,1.09028257804424,0.964886014997376,0.988352456231544,1.03565891755649,0.95850462069201,1.08745546268916,1.00423674536292,1.04949641660967,1.1320409705757,1.08984842220511,1.09644618877101,1.0592054352591,0,1.0930115666482,1.07794924728523
"L-Aspartic acid",1.00350854540919,0.991421696676721,1.01435678161802,1.02534125448105,1.01132540225251,1.01238059955128,1.00627731210549,0.991410369558186,0.992926962905578,0.988551632743115,0.990706947744334,0.988105345335433,1.01071953785219,0.969165114110804,1.00169866110785,1.00046605043853,0.96770003002346,0.996372754135164,1.01378519143198,1.01127277341141,1.0116151951138,0.991447102279662,0.982017489267299,1.00059839372557,1.013049984239,1.01031802849842,1.00346084398396
"Azelaic acid",0,3.40568146194767,0,0,0,0,0,0,0,2.78269215984139,3.02389450900091,2.95073158016469,0,2.75666844468525,0,0,0,2.9636305344976,0,0,2.89903373874732,0,0,3.17597505382289,0,3.04169251729229,0
"BENZOATE",1.00830028073427,1.00341742032831,0.997995575551383,1.0095347045172,1.00279958707998,1.00157369146427,0.983489315211014,0.987740593273345,0.982967475909495,0.97537336490077,1.00354341312091,0.984446167860757,0.992558886865117,0.964449570330327,0.993049562763623,1.00296184409781,1.00055349143095,1.02137183112247,1.01203841088831,1.02234499774627,0.984472201989093,1.00867578740762,0.985153566034866,0.99998719187788,1.00683586086179,1.0413729260291,1.02299228060306
"(R)-3-hydroxy-isobutanoate",1.18175051430668,1.18710262761832,1.09258136973127,1.13374783939653,0,0,1.07204073304662,1.21455085713328,1.24326025285097,1.21369854402866,1.15536086481679,1.07860639640697,1.13400460528895,0.940334149404938,1.1077853578108,0,1.08028707909608,1.16285802293332,1.02617205490463,1.12752169625856,1.03338852641922,1.17836330729025,1.14243678755985,1.09836027273676,0.99740961748544,1.19617850885559,1.20220001461952
"3-hydroxy-3-methylbutanoate",0.961951739685296,1.00335602287094,0.976779703614655,1.00976711507817,0.960381642526987,0.976964325721581,0.946549917880021,1.18262674733716,0.997315044942143,1.00300837920832,1.00471071307695,0.950626177579559,1.06171869697317,0.938819421962779,0.980940232219478,0.94678521484424,0.984261237112382,0.984363895155357,1.00105841657891,0.986565526301868,0.97831123685333,1.16368964080532,0.991088489880639,0.974944094526286,0.964700443792656,1.06815676442485,1.00055915904697
"beta-Lactose",1.21577937919359,1.19478036453041,1.26926200737274,1.31574468544287,1.22526108294492,1.20115848794869,1.2050439910795,1.23406010268152,1.24481798362046,1.25737748544417,1.22217695426477,1.206474564632,1.22808458839537,1.21016911344522,1.16556600604241,0,0,0.951283689161868,0.990853217526214,1.07680098311713,1.27512872845104,1.17613260144756,1.21160948721094,1.01929754226274,0,0.903136953783881,0
"Betaine",1.00495936080111,1.00738500246381,0.989851160122336,1.02515949541789,1.01730902483318,0.948357153545134,0.964255612475972,1.02067730088741,1.03242636171822,1.01164731940335,1.00311770186162,0.950416911148266,0.979308534009482,0.959253042483104,0.96659479490118,0.987356532226404,1.0142624128607,1.05032113995702,0.985255867557018,1.004626708349,0.984210933423894,1.03737325707276,0.983006873146361,0.984212469692206,1.01386236694929,1.05613238582729,1.018660276866
"Citicoline",0,0,0,0,0,0,0,2.9458930860661,2.88700405882513,0,2.90208486879033,3.18343757901058,3.06187241785221,2.91215807102772,0,0,0,0,0,0,3.00120278928709,0,2.85381384797432,3.25253328116653,0,0,0
"Citrulline",1.24984684025464,1.24479285069316,1.13375693592862,0,1.1381135310094,1.31632764041192,1.15197766142011,1.18681164486309,1.23082627035852,1.18839218283804,1.26927847624273,1.20540703765015,1.10457369981026,0,0,1.24898085471766,1.21508650062152,1.43348830608462,1.1902566062342,1.31645417770982,0,1.16355131362581,1.20028264863816,1.20222305599971,0,1.23585869094105,1.37371307394682
"Creatine",0.969677432215932,1.00302358102337,1.01185963292599,1.02938010792319,0.983048306587278,0.964152869083913,0.964518336973736,1.0158692507258,0.988699555534093,0.976397311200472,1.02222712026857,0.963030744625434,0.993472352208132,0.948306044051784,0.980068772988379,0.988381670728388,0.988003466834451,1.03033569932814,1.00334950900756,1.02777226116009,1.05329011915379,1.01983906671857,1.00186673295588,0.974004062299614,1.02133009125549,1.0492986014685,1.02879730075345
"Creatinine",1.0628821497898,0.977953528097963,1.0212008756122,1.2253281821263,1.0289289792049,1.07055980617973,1.03633766871801,1.15202022118952,1.13822466389704,1.21222435411406,1.1610605422144,0.921251776120095,1.12107466669758,1.11432762714845,0.958485992183715,0,0.907160684463669,0.949062868917888,1.01124439268745,1.03678748058809,1.06574997849595,1.06985526338827,1.02604631350922,0.923279214893393,0.995004895506592,0.921067372295386,0.892880501960326
"L-Cystathionine",1.00865125353321,1.02507040725956,0.961431270617877,1.11752214193249,1.06792818076533,0.952936616138862,1.06504741624255,0.88669290788026,1.04699487183455,1.08077552710422,0.961904560420478,1.013942522852,1.0017144010462,0.97462557922969,0.957713829424441,0.907671137438631,1.0351822291187,1.14414593536017,0.875651397953098,1.00038559755475,0.842665031266007,0.784283500516727,1.03582346773012,0.963689353644783,1.00914751110999,1.0713435539958,1.2070597980295
"UDP-GLUCURONATE",1.0364140776115,1.0345724939198,0,1.00176243648282,1.05002495158795,1.03956812768544,1.05590620888497,1.06852927338229,1.01189868274458,1.0237373236891,1.0100810957633,1.01602208017966,1.08350007233943,1.01591531210716,1.06606486532524,0.924649007556487,0.96486980929338,1.08176202499843,1.06422876020226,1.07986957182858,1.06619762407499,0.974572062832802,1.04724636786078,1.05075164000736,1.03756183908473,1.10781641969527,1.0864778708617
"D-Erythrose",1.0269212306712,1.00372558030483,0.963962446550179,0,0.997285459828802,0.944453521898732,0.978192456849703,1.00856097109186,1.05320796706508,1.04676065092199,1.08844580485231,0.946950328832344,1.08160990223756,0.981464039435184,1.00383348652898,0.985370536445926,1.01440584692553,1.14497351648986,1.01815687911858,1.09372626047352,0.981728042222803,1.03822478382094,1.1384272685419,1.09251723373261,1.08794841101619,1.11815175516246,1.16099561898092
"D-Ribose 5-phosphate",1.21430812337946,1.18741283833235,1.25991128567792,1.12375547506666,1.05772845681871,1.24636578384569,1.26500057819544,1.29951228359318,1.33310471251149,1.31096536354691,1.29097437679297,1.25595219164529,1.36157426607621,1.25532928336785,1.21217102564419,0,0,0,0,1.05310818873118,1.22591247546835,1.24813457932119,1.31289974177971,1.17171326724457,0,1.14038679318285,1.17377890977783
"D-Sedoheptulose",1.65512481676379,0,0,0,1.60793743444113,1.68440209169909,1.68961975913489,1.72706766078384,1.74530641915161,1.79863778942628,1.7572689685925,1.8031396255355,1.78998101262347,1.63109394636801,0,0,0,0,0,1.5744683245721,1.54418265393603,0,1.78994309412715,1.59153171871981,0,1.61029468412481,0
"Dihydroxyacetone phosphate",1.789329708392,0,0,0,1.80094666817848,1.69667982008948,1.71881180187817,1.5999703727585,2.00605573161671,1.97345158349476,1.75866232170248,1.62884677222093,1.97160871850644,1.84194701029976,1.74236818250483,0,0,0,0,0,0,1.8088873658817,2.02869220616559,1.63374173631016,0,0,0
"sodium dodecyl sulfate",0,1.0158005781511,1.02867128650448,1.0745067840461,1.02100050486233,0.965951712420257,1.0099198281301,1.06704046798096,1.03877955477676,1.04859853180646,1.04818083455855,1.09760879167024,0.916381217534993,1.03728408047979,1.11846219950405,1.06015847844337,1.07733782591678,1.0295794738074,1.04121808164094,0.974325775521072,1.10921198402223,0.940989567844155,1.03609549929755,1.03900080396518,1.06689615452523,1.04771551022637,1.08928447236353
"Ectoine",0,0,0,0,0,0,0,2.83156572339112,2.4397525301821,2.65353949073093,0,0,3.05049563476579,2.25546909393279,0,0,0,0,0,2.4765562537684,0,2.92725838146548,0,2.5605893423301,0,2.97419274234948,2.83058080708381
"D-Fructose",0.983186516355875,1.01923608952138,0.934314512138793,1.03348492529012,1.02269761698813,1.02005196793863,0.979955099779564,1.053231260325,1.05091164037362,1.04631545902978,1.05529468672435,1.04325531437728,1.06806284066131,1.03874874250853,0.975767955868331,0.952094189941403,0.925566717110232,0.949162346850163,1.00420057658462,0.906748908140945,0.977647128812458,1.04801843152307,1.05408126934641,1.03054359885581,0.862550466788985,1.0260811284173,0.938790609747892
"beta-D-fructose 1,6-bisphosphate",1.32994132986562,1.46116752394707,1.37223821359524,1.29665997230338,1.49342731318861,1.45649560459716,1.43296444188938,1.43808701019511,1.39542564394258,1.50251708214651,1.53928868518924,1.369138774522,1.54977028791691,1.33630077471957,1.44587578368694,0,0,0,0,0,1.44276960169544,1.33067970935717,1.49920414559841,1.30804810164365,0,0,0
"Fumaric acid",1.00611025915283,1.00642199172102,0.996772296687349,1.04279183229983,1.00957938999545,0.989703580425799,0.983457441362511,0.993400116723976,0.995631097856393,1.00251942604753,0.994752842826045,0.993094047014579,0.993206008917532,0.965176125475219,1.00493929891259,0.993738372223349,0.999056609632849,1.01666120462039,1.01101972366532,1.01177693874403,1.01524367598561,1.00432742535032,1.00180658315718,1.01106433857486,0.958684212029661,1.01072323724804,0.988341923349735
"Galactonic acid",1.01329665638113,0.995080531402984,0.997803585131353,1.0550769477283,1.00967367520312,1.02847163712156,0.996478211993384,0.983809670640532,0.989229366865096,1.01261708695869,1.00488292769437,0.986092255817989,1.00995531980554,0.988516342085052,1.0181325823811,0.963004894536331,0.936466807439047,0.99670752466661,1.011122937908,1.01706523721544,1.01107235656273,0.998739708678936,0.99849733439499,0.999644528567558,0.964553949375259,1.02417032002771,0.989837603417189
"Gamma-Aminobutyric acid",0,0,2.12344351626183,2.18680996298258,0,2.10138360582361,2.07459013738809,2.08244170923266,2.03731285839091,2.07005640792462,2.0469320543475,2.03976178978075,2.06239272540776,1.9872177375924,0,0,0,0,2.05854423091365,0,2.12911326395365,0,0,0,0,0,0
"Gluconic acid",0.978374236328842,0.987150479515058,0.990054953263402,1.10318897411562,1.00732054080758,1.00330964090892,0.984741230234516,0.990250843926987,1.0055256469663,1.02015549427911,1.01590362223935,1.02058800004906,1.01550655848846,0.996115920726587,0.983419882043563,0.969136283376093,0.959757093633787,0.983910993940447,0.989579569370261,0.99109887365659,1.04828605930566,1.03049940002089,1.03098143287403,0.996869387753848,0.957885371686724,0.97741690813031,0.962972602358005
"D-Glucose",1.03008903278238,1.0494620122431,1.05375702810436,1.09652435932144,1.06727905039226,1.05167988351903,1.03566505099346,1.06563851654612,1.04415997174456,1.06862289698824,1.06995258085084,1.06696955983908,1.08072567950864,1.04790135016041,1.03530144561092,0.835192528210446,0.753676429529105,0.886134558879577,0.975859086615036,0.98226854508593,1.07861276227635,1.03887485680179,1.07469853308231,0.998362828381272,0.831883375762734,0.816799847037104,0.863908229733515
"Glucose 1-phosphate",1.42561803885326,1.44077067777802,1.4645086785311,1.42466811796199,1.38830565607059,1.46306301691083,1.43820488927951,1.47350356094757,1.41587620944731,1.43460999621294,1.39048534213218,1.38104318269043,1.48330507384202,1.42815775465499,1.40918980070477,0,0,0,0,0,1.45782452830449,1.3848500729388,1.43225710277545,1.26375829996376,0,0,0
"Glucose 6-phosphate",1.21350779088362,1.21540734229724,1.23112778815053,1.03649188883073,1.16657808920762,1.24736393365398,1.20864686146726,1.24315096097826,1.17052025711551,1.19439920848402,1.14153800493132,1.15898188194121,1.24787050688558,1.19353109253898,1.18589870572059,0,0,0.871239876152986,0.987496662835448,0.977969158213555,1.20402670829439,1.10977353815445,1.16956517695174,0.989137014545663,0,0.962072770998562,0.873704780766761
"D-Glucuronic acid",1.00794091722089,1.00735970947129,0.997778101674738,1.0690333489056,1.02234155626981,1.03804069571887,1.0458603379599,1.03428161279705,1.05840194676313,1.05293430309863,1.04549805129315,1.02770488798507,1.04132018550453,1.03668128972214,0.990083410630739,0.991409342875987,0.932737135450334,0.972083369172622,0.971874130068107,0.986214802271987,0.974101526969822,1.03373626798167,1.0201319002552,1.02380895713104,0.825173175260773,0.866643416844052,0.926825620702843
"L-Glutamic acid",1.02882116119755,1.00985364697956,1.05188666672676,1.06093463077461,1.00641953657296,1.03626593936605,1.03224489193629,1.04204624506601,1.01334751792817,1.0209899452254,0.990072482695324,1.0136599769472,1.02756792191879,0.979236148918924,0.9871469505385,0.960348124815812,0.933722379667157,0.981025451718776,1.01821049331042,1.00833416173608,1.04793168425467,0.976194335775163,0.961834027969037,0.949094734420311,0.916563711492487,0.967774438085752,0.978472793962231
"L-Glutamine",1.04005999925366,0.994554503973528,1.00358729654183,1.07881047790453,0.99477227097472,1.00407784907343,0.989765602576081,0.992972598073001,0.987084091013926,1.01368938572048,1.00685583618042,0.988348956580773,1.03103090116217,0.969360223498781,0.971889016840976,0.975920181960337,0.956650252521244,1.02323782204758,0.991384177384466,0.973259045592552,1.06870652285303,1.02872040138968,1.01863289353279,0.986741831100859,0.944178777218465,0.990179358909409,0.975529726121297
"Glutaric acid",1.19121120168402,1.12998919753416,1.03365934915335,1.13507122150902,1.22403019884877,1.17604653119252,1.00023319145429,0,1.03146379945319,1.18628846388534,1.17242603135835,1.15584068289078,1.23668463099155,1.10308391889482,0.982733842784709,0.912778774643517,1.1645838028467,1.04778084216898,0,1.0282057410353,1.16714651534964,0,1.16898700180196,1.1168999094909,1.15001142957576,1.24332006864746,1.24152365280493
"glutathione disulfide",1.55066587555013,0,1.48665084774821,1.71881712874359,1.65982035299284,1.63839493109689,1.51469825987653,1.65979511226809,1.68370669913655,1.6227923861429,1.70347603675806,1.61391183687076,0,1.639693682132,0,0,0,0,0,0,1.49219331294881,1.40627374388352,1.54846250495374,1.55311124925114,0,1.50753603964625,0
"GLUTATHIONE",2.24437396214394,2.18210900064466,1.90509113318497,0,0,1.67820290683613,2.11553300785825,1.61977205354036,0,2.19086622031422,2.08245253812536,1.64496635777406,0,2.15459441211349,1.85429698269832,0,0,0,0,0,1.9532495356305,0,1.72733906646461,1.64715282267113,0,0,0
"Glycyl-glycine",0,0,0,2.02416237536145,0,0,0,0,0,2.00709886759205,2.07268444517348,0,2.27902937020037,0,0,0,0,2.14117981491142,1.94176684079675,1.9275925918835,2.22727163937755,2.36678948043061,2.16076368705264,1.88048223607294,0,2.01682260629477,1.95435604485248
"DL-glyceraldehyde",1.0173748093904,1.01338453554105,1.02413764214299,1.01638117449623,1.01696272204525,0.991333824639797,0.976222835552149,0.976281790906912,0.988536282933991,1.00276843610083,1.0181363824029,0.9923210799326,0.982661937337218,0.971970359573122,1.00628926919642,0.994476337139087,0.984779162816792,0.99903342417834,1.00009546236965,1.008464588859,1.01228931355406,0.997003262829519,1.02071995992064,1.02098963571933,0.974732793151062,1.00394554718333,0.988707430087311
"Glyceric acid",1.00524036527941,1.01783490533858,0.982843047087591,1.02004673831953,0.99743559629488,0.941562126024002,0.941227102944635,0.981656249187506,0.989613701726743,0.997361970007957,1.00077238085779,0.998160755022517,1.01033005098251,0.953650375548254,0.983917299046834,1.00550446878506,1.04673743477603,1.01783431184295,0.999404125872091,0.985566404463576,0.973982817795889,1.05918273121619,1.0661873729529,1.0416329140293,0.963971810649279,1.0465866003153,0.971756343632701
"Glycerol",1.00365462446359,1.00127004086047,1.02431314794948,1.04006698959466,1.01727731931454,1.00154383098762,1.00238573719858,0.970418363970524,0.974503918548432,1.00086882204316,1.00635849139463,0.984053830299643,0.984091215540676,0.976361221730915,1.0057623082723,1.0130419382355,1.00726359343889,1.00367858221014,1.00101162897663,1.00367927711251,0.998677373370781,1.01320078134274,0.980790906667639,0.980747056028215,1.00839874481925,1.01141136124138,0.985168894387097
"Glycerol 3-phosphate",1.02661154510536,1.03585422903169,1.02907626176049,0.98683496283341,0.984273198026075,1.01735713189246,1.02384378310837,0.993393650224663,1.01634167826398,1.01781200592209,1.02139673592174,0.990690404149032,1.01748910395954,0.974440582225204,1.04764553269715,0.986325881712152,0.921288629108438,0.957933382068773,1.02574123592138,1.03460407255959,1.03074437989371,0.92865277220703,0.979292065580347,1.00590893003494,0.944906835596815,0.969827419978538,1.03171359021703
"Glycine",1.06950068325986,1.04984018327053,1.06043632888334,1.07411729729498,1.05299947970488,1.03969355925333,1.02068305220917,1.03620750250081,1.0024311138434,1.00128809386527,1.03152433822584,0.999637486786636,1.05207877127598,0.990653368307047,1.05843650245352,1.05383602751125,1.01315296693069,1.01262859743252,1.04517037598223,1.05854827827678,1.07903671028182,1.05898242668312,1.02500297269156,1.01744604109809,0,1.07262759413376,1.02404024784359
"Glycyl-L-tyrosine",0,0,0,3.15408699424397,0,0,0,0,0,0,2.63325133765948,0,2.86587489497483,0,0,2.60978693715825,0,3.35496853199622,3.02439638512703,0,3.48408493558358,0,3.16501450477486,2.70853547848179,0,0,0
"Guanine",1.04144216505438,1.09455431114057,1.02726055624024,0.9011405115069,1.01571735309056,0.970496101137809,0.945012614186223,1.09777911858303,0.972979965502633,0.961276123753495,1.09310047873465,0.983018666862684,0.995028458503788,1.03013115130588,1.01074634510859,0.953362053153395,0.946417973465548,0.965196799766775,1.06268006196995,1.01558304754558,0.985917934092222,0.976529967147929,0.912907793455836,0.959554470403833,1.03730985509403,1.04766461332348,0.997191509869999
"Guanosine",0.969610723137535,0.996040155523141,0.999948347281407,1.03190955547824,1.00963258854097,0.987280088152752,0.999534693859843,1.0329769717995,1.01861435844916,1.01212674222621,1.02774846244573,1.00175647221031,1.03136787232493,0.992255732051318,0.968953605558917,0.982965327241273,0.964937294445825,1.00506218209285,0.983940565601681,0.994058360127614,1.00421470398644,1.0145441541937,1.00667657096455,0.991049317786599,0.95639984456087,1.00755283834816,1.00884247161047
"Guanosine monophosphate",1.40491492602306,1.31746938907888,1.41555908687624,0,1.29745862389998,1.36467007724309,1.35771435997128,1.12150167006734,0,1.24202153996546,1.20231132474163,1.14107750237274,1.2551095143686,1.17227998729198,1.26010126561808,1.26506218896992,0,1.24518922212021,1.25478934785696,1.35972636454405,1.32239197343112,0,0,0,1.32406800391368,1.39169946022195,1.28488417142375
"gulonolactone",1.28033536652097,1.1546953602792,1.17099882916947,0,1.28337642955571,1.28210409781669,0,1.31062863217228,1.4223606131237,1.36226603270696,1.36056600623851,1.21797671281655,1.32695385990718,1.36117084137954,1.27942623407919,1.19583790607327,0,0,0,1.3037302594546,1.14344922392073,1.25250164872284,1.36861345111305,1.37112641463917,1.1916212431476,1.36026083716278,0
"Heptanoic acid",0,1.92938023400871,0,1.9858828893876,0,0,1.97067534641006,0,1.91862552779504,1.89614868649185,1.86798474923203,0,0,1.78808006175045,0,1.97400045543437,2.0459687341505,1.91289216082334,0,0,1.90862385233867,1.83826714859833,0,0,0,1.99401025341066,1.9694599001684
"Caproic acid",1.02321428177117,1.00041614338494,1.01432312585455,1.06233157607349,1.01694574355635,0.97737266365162,0.989295872024711,1.00019374568712,0.995040919287037,0.998648948953361,1.01474368241928,0.98369714330785,0.979922748546986,0.960756062521759,1.00939922297624,0.998172796613863,0.939519748913879,1.03891073065104,0.986993513014058,1.0199745007832,0.975821827344054,1.0030503068663,0.926592263453692,0.969859009783388,1.02102255903486,1.01339804568048,1.08038281784472
"Hippuric acid",0.996854999507437,0.996921541975218,1.01655764451294,0.970709706607809,0.946581691537824,0.983300094484998,0.980950684483785,1.00159357812551,0.997820605363612,1.01156054071517,1.03553972770716,1.03680660893197,1.00987161959626,0.983814064125307,0.989608920285637,1.01564572134052,0.988576734643153,1.00107560566123,1.01167331654778,1.03603878122611,0.931165619319589,0.988271413979643,1.01981230986547,1.01470246432643,0.982588627570201,1.02483555141201,1.02712182614723
"L-Histidine",1.15935468648929,1.14787005562904,1.15475530009189,1.1222591014361,1.06714540610744,1.07761957168443,1.10725379906332,1.13458472667902,1.16390183374277,1.12591009102181,1.15984871808087,1.16662375592482,1.17509259097926,1.0856695392353,1.09873267047814,1.06055224885785,0,0,1.12505376750094,1.07470412394372,1.15657137981342,1.18996835432498,1.16224837344325,1.14913712422775,0,1.04517226148467,1.08997051975991
"Homocitrulline",0,1.13380890399441,1.19766227847347,0,1.2417347858781,1.18346632785789,1.27319016611369,1.42121756983073,1.33114076564945,1.27402093497465,1.35925819942977,1.17825798548994,1.40713570499658,1.2608455441065,1.27909102649419,0,0,1.19231884435255,1.20045419364752,0,1.22562625118942,1.5066112571279,1.37950572502006,1.29322910979615,0,1.34621319519625,1.31521123038078
"Hypoxanthine",0.956323708137304,0.993194014537566,0.971161348200817,1.03621006614177,1.00111131969521,0.956376900610964,0.966791488351295,1.04108854476271,1.01037427482051,1.01342880042159,1.04411640784012,1.00815386900982,1.03195077992303,0.986890005493614,0.972486124355625,1.0014754381856,0.993171910242755,1.0176627375698,0.990187182878611,0.990959580135166,0.955968513092481,1.06893554641592,1.0352984396178,1.03864770347554,0.958860858644364,0.980829485716059,0.978344951723955
"Inosine",0.954351063928416,0.988473980544392,0.981838767915386,1.03084015543433,1.00911173390291,0.975600772405404,0.988173056890873,1.01818263922908,1.01427301179271,1.01126885122776,1.03467595199835,1.01100357782392,1.02824375666767,0.999472579789397,0.979070576187477,0.996783946336439,0.984105538974782,1.003715202769,0.985194004950824,0.990573178256025,0.993615521309499,1.01790558291261,1.0315781570517,1.02082274883667,0.973212550835525,0.989278183762914,0.988634908265956
"IMP",1.05395754212919,1.05734033822791,1.06748201943625,0.934065594587567,1.03370182897508,1.04809655133189,1.02893942870252,0.973699649699298,0.858616752097441,0.965909591888721,0.934331493486201,0.975531216298603,0.997735709241343,0.959154410980422,1.03566247179102,1.02191571897529,0.93819573100312,1.00059417608886,1.06547808811922,1.07265261257185,1.03633699814065,0.915366373799815,0.955646450016715,0.918566640267352,1.03851564455906,1.06820437035913,1.04430259722548
"Isobutyric acid",1.01264302092646,1.00407035887944,1.0154206359473,1.03767270925813,1.02311338818443,1.01574381589565,0.987772017322059,1.01598769587736,1.01953535062556,0.97222794531971,1.01150477684363,1.00013079147234,0.962028775010217,0.966176450752317,0.994347979344651,1.00075093067327,0.975819432031567,0.990259632163415,1.02234038672195,1.00630500578284,0.971573322190338,0.974966362972287,0.969099875587355,0.98421652923305,1.03061356630342,1.03658283763373,0.999096407047537
"L-Isoleucine",0.998905272738735,0.97360730572688,0.975883429815586,1.09744681404447,0.970908957267772,0.949524570089815,0.965553523164,0.988512203882151,0.995968608902481,1.0113373058879,1.01148258613773,0.987022488745887,1.02836782277786,0.94490849397666,0.999922984888689,0.986586356053227,0.97880036353864,1.05168091457433,1.00306443127567,0.987906943239525,1.10070488021104,1.04059712638485,1.03029137428651,0.984146998256305,0.950017596774789,1.00790268090801,0.978947966450483
"Isonicotinic acid",1.21015295239835,0,1.08130306127798,0,1.05849063543296,1.06976616165261,1.04858644575418,1.21619657522102,1.17016057297289,1.23002347257083,1.20690219982998,1.13419004310735,1.19216485817506,1.16164313711215,1.02956445845815,1.05861588495217,1.07003378116307,1.05546459953744,1.12442663909992,0,1.19584274648047,1.16854138785548,1.12444674097866,1.03044186892612,1.09756771326451,1.08220438270482,1.18326968107381
"Itaconic acid",0,0,1.99063082824714,0,0,0,0,2.40074842873914,1.84141913868298,1.87886763076156,1.97715312590571,2.06838371320995,2.20886718735205,1.8435378882453,0,0,0,0,0,1.95767070435589,1.96724174401872,2.56907431895694,2.1346217190124,0,0,2.16178357251222,0
"Methionine sulfoxide",0.998014596131362,1.00816238718368,0.968356820069375,1.1106205114809,1.01138174070367,1.00901447009564,1.0302391727598,1.01461855209774,1.0529636618772,1.0444290200423,1.03970339644023,0.982762479668952,1.01102316748642,1.00841469319704,0.978919126139677,0.967156212673841,0.903765895722049,1.05065487982336,1.05533387721461,1.05184219414479,0.929136061348356,0.945317029874837,1.01673920598038,0.966237152623105,0.876540869627155,0.926812300945655,1.04184052464788
"Leu-Ala",1.72377683163868,0,0,1.97347360326317,0,0,0,1.58653523723172,0,1.83998258565369,1.55801038856993,0,0,0,1.57004013520493,1.79724042028461,1.78564281856979,2.00033632223588,1.87998611581359,0,2.12214478214047,1.77050967370383,1.77633309771037,0,0,1.9228133073692,1.69317468061013
"Leu-Gly",0.987156405186643,0.981739750305146,0.925540830333781,1.11448068778612,0.912330725462394,0.873232661546226,0.943437417925642,0.908087657098136,0.862527631101051,1.03056363602182,0.979926319556592,0.923951162497739,1.00036668950037,0.847095150094968,1.01001546686015,1.05149185988681,1.04717137583355,1.14695437256546,1.0702752164693,0.992630073504273,1.19431434403022,1.07634430300488,1.08344026401482,0.974437663951393,0.869248809203082,1.13091707837326,1.06232244788617
"L-Leucine",0.995413238773831,0.980127473254412,0.970450653865714,1.08602432223812,0.977413120663584,0.947838784543924,0.964077125874303,0.980073710334848,0.985179145567683,1.0059179944347,1.01275038639137,0.987647161102636,1.03466952571606,0.937775387859319,0.986628656985405,1.00113925174072,0.984461873711976,1.04850023952634,1.00758282375159,0.990951887917339,1.09446518111798,1.04191775409124,1.03863267208906,0.998827069892961,0.947208466675118,1.00935160766868,0.984974484211078
"Levulinic acid",1.02006876186506,1.00071510853474,1.03530505631761,1.03181578900897,1.02821552368891,0.999910431774637,0.991738860181995,1.00541642592978,0.978552570262037,0.98038970802051,1.00080090447942,0.958129765827221,0.958480450726616,0.938088468250569,0.984083215489915,0.995135210342964,0.976049122629104,1.02232797220435,1.03240926659718,1.02431921457541,0.992307257199079,1.02628605405519,0.99510132530242,1.01832438647661,0.978582415019192,1.0218588137412,1.00558792149933
"L-Lysine",0.971804185026313,0.967779071314032,0.980936396778797,1.10401537092037,0.955825343515466,0.928530550863494,0.970516178714063,0.9770395346157,0.983568587454077,0.99921488479867,0.989676506804828,0.986369794714834,1.01819354012578,0.935853333096221,0.969305262747392,0.962474835343075,1.01642428418295,1.07073320468663,1.03060696875303,1.00958934536518,1.13461026127415,1.03767309147524,1.03530549575032,1.01172636118546,0.923635161796299,1.02602252927745,1.00256991942019
"Malic acid",1.00560774893576,1.00702015325083,0.996929636360502,1.03595835397341,1.0101275434237,0.991008321142277,0.985181488678338,0.990946047433663,0.991080781391068,0.998342400037686,0.993672649311458,0.992835282310535,0.991131877822907,0.966044688014635,1.00474178791257,0.997198249843652,1.00266090572419,1.01558580452967,1.01215108365078,1.01015435687596,1.01387342161785,1.00145031476331,0.997201730090666,1.00632803195748,0.973411681590818,1.01115874858227,0.998196910774001
"Maltotriose",1.37584031690899,1.33991534787243,1.40701515579676,1.27679319185838,1.34582078952092,1.36266455551574,1.34582768536557,1.38222862529673,1.40259491749863,1.39689839105448,1.35119915376001,1.31092500086022,1.37109967573006,1.36249976722456,1.30160840230867,0,0,0,0.92520057357463,0.995336258779326,1.20715842127869,1.25304980591711,1.31905060905831,0.967273354819787,0,0,0
"L-Methionine",0.993594764599973,0.983074193523866,0.976088272780094,1.10149311130546,0.982252533621414,0.969960912127509,0.981204778544703,0.975100101594703,0.993167286196688,1.00702855393309,1.01869050612368,0.985243431625946,1.04183261253257,0.939122086619871,0.977588412337846,0.99736108463112,0.970031535350695,1.05719282079409,1.02022486632893,0.986231312613944,1.10789267398898,1.05051514682955,1.04704703017346,0.998084032799656,0.864464141973799,0.996525292716848,0.978988504331515
"Methyl beta-D-glucopyranoside",1.25634915116931,1.22452595175621,1.28880803568782,1.31902972965057,1.22021889601697,1.24027557938155,1.23514224959352,1.21569841349199,1.20289611311447,1.2290455420602,1.22813762674938,1.18099692882189,1.21449813612645,1.2100005423059,1.20446949409808,0,0,0,0.9763366343178,1.01541072110656,1.31000419259748,1.16828977449062,1.24674824468377,0.991957068744616,0,0.967059702890637,0.854101271144181
"myo-Inositol",1.06909842453375,1.05352995809211,1.11063131326235,1.08666298113681,1.08362440896008,1.08983969723843,1.07295043695072,1.1096221993993,1.1231711095522,1.11795174961728,1.08551686526882,1.03929440658697,1.09678295504816,1.07063557575365,1.00723394322963,0.948560164886756,0.922651558114207,1.00660832097512,0.96284298893882,0.921714758263643,1.0411872247614,1.04156113355358,1.04691926988138,0.973511976995674,0,0.991110455228637,0.926786123770541
"N-Acetyl-L-aspartic acid",0.971569193519552,1.00664744426129,1.02411716389955,1.05338095129336,0.993265961531922,0.885103386810812,0.9155438948142,1.02356063769085,0.959818054655074,0.978489307647879,1.01665361003575,0.966821964594672,0.991411077269412,0.952959928228852,0.970516096440978,0.999514703544104,0.971253226568079,1.03841873662066,1.02272426430585,1.0467653007458,1.04654798334364,1.0290066333493,1.021797504555,1.00309609626641,1.0229752740015,1.05473095654655,1.03331064745894
"N-Acetyl-L-methionine",1.1133465041925,1.14447857057985,1.04641143001154,1.18913630105808,1.1434226309854,0,1.1291195268441,1.04118281769081,1.08284550861262,1.12283053094648,1.21099366289421,1.13600619184199,1.15317526888775,1.01549820332007,1.0055449394583,1.10836502168513,1.10237734787837,1.14132726518484,1.11765896689683,1.13629420619994,1.19009171546434,1.119190818503,1.20889255549278,1.22383250059393,0,1.11797751477713,0
"N-Acetyl-L-alanine",1.16012336076584,0,0,1.45583427272575,1.18187792056944,0,1.19316697659624,1.23579272925402,1.07809644214221,1.27329576894289,1.38531359081261,1.13030616579861,1.39872244774796,1.07617249043631,1.1441840339827,0,0,1.38139708149322,1.19536504484796,1.30410391934167,1.47702294023726,1.38060541397942,1.41099542254769,1.35894397962747,0,1.4025924877802,1.37608751037052
"N-Acetylneuraminate",0,0,0,1.76695016029582,0,0,1.73430868246407,1.8339544919197,1.86334304411795,1.77019555565552,0,0,1.78660026129254,0,1.9084028755277,1.88885446187571,0,0,1.74387693371039,1.69835638720891,1.67312089558974,1.7610018487235,1.94045925044683,1.64966833528802,0,0,1.98090681588361
"N-methyl-L-glutamate",1.70894930949791,0,1.68891281403645,1.48709082534614,0,1.67140441284219,0,1.71264867003668,1.71277871281907,1.34898168235191,0,1.79726237741014,1.87081104792437,1.74053877373351,0,0,1.59144834179923,0,0,0,0,1.70279405090379,1.84022519196906,0,1.79833452149717,1.46518312933966,1.86263613849273
"Niacinamide",0.995957527940593,0.998644160553284,1.0061245664713,1.0074637285998,1.00780179016562,0.995417655075506,0.995653224895317,0.991020866621231,0.979721021268442,1.00057947633936,1.00585167467032,0.989208066251618,1.00266843447715,0.973884758729038,0.99944432503948,0.997870284004857,0.97754168170048,1.0055191336628,0.998493184850074,1.01525684546752,0.993006772001302,1.01250647784172,1.00656216643038,0.993908524872498,1.00322158805544,1.02644446069929,1.02022760331557
"O-Acetylserine",0,0.992243408439724,0.979476513451722,1.20422605970176,1.04984512371887,0.928028926423689,1.05179492431277,1.09533696274524,1.04942867398966,1.09027659964572,1.13521628230008,1.09486056953139,1.16281160319856,0.975045996457477,1.01467108918508,1.03228222610379,1.06846186169571,1.1570924077308,1.10378127032211,1.04566608040506,1.18913171006706,1.1530259854022,1.15930135539204,1.11379391469981,0,1.09631693449966,1.05788352058001
"O-Phosphoethanolamine",1.07305816074274,1.07412665319174,1.07881312177745,0.969949270162606,1.04500593868411,1.02922443449675,1.02385101531938,1.06499449898257,1.07935180117239,1.06951521028762,1.08893675602486,1.01464395851203,1.0511133637804,1.00524376595633,1.06587849480179,0.949151587461029,0.957960265772728,0.999515124381461,1.01333549072242,1.05091775997295,1.07986894698375,1.01401499561705,1.03565456713609,1.04881555900707,0,1.06755819233322,1.04950106671945
"OPHTHALMATE",1.4280486247822,1.40486986927635,1.44747321640544,1.46980228782334,1.42625666298358,1.38232298264098,1.43778739011267,1.49688041747878,1.42329619360603,1.55618829202221,1.46818691904362,1.31269290630017,1.60609039832732,1.37871645863372,1.36741508618981,0,0,0,0,1.33074280625709,1.42698927191596,0,1.38366101302268,0,0,0,1.25257920317807
"D-Ornithine",1.10641638230908,1.06853290418557,1.05693101239744,1.11161969107174,1.01979895218535,1.0897349619038,1.07409176132988,1.08795468858474,1.07705193247106,1.11524196260245,1.12726367778866,1.10328887372997,1.11768511257173,1.05681124039616,1.08910410535505,1.0077120755581,1.05209553578842,1.11230020693907,1.11833254016854,0.994274855960553,1.10384901884734,1.11805046338595,1.08198219300036,1.13518069388892,0,0,0.974695157580057
"Oxalic acid",1.00466717428118,1.00559192301684,1.02392293254539,1.03789029741339,1.0087938485242,1.00197858567343,0.97575901486328,0.988488947265769,0.969309085445756,0.972719698105607,0.980502641482185,0.977095389439242,0.979894414221459,0.963982870432203,0.978348546183105,1.01836033183223,1.01032439405172,1.01560443815197,1.02182997333859,1.02655307284918,1.01094903845534,0.988286661762174,0.971056977674121,0.994652976113335,1.01949106013857,1.03763534013784,1.01631036660191
"PANTOTHENATE",0.998527294456268,0.99254896726849,0.989887103435333,0.989139506525607,1.00919102952017,0.994822924917019,0.965579348431896,0.998041832764786,0.98770403103625,1.00345845418874,1.00531573994986,0.981404233879702,1.01669589043735,0.968998004294997,0.983965839453183,0.970774111643071,0.969548617353971,1.01577252876182,0.998076627209848,1.01327762514452,0.979293050063181,1.02053591928582,1.02727091816223,1.01327254166936,1.01411698327844,1.05760032577708,1.03518055109101
"L-Phenylalanine",1.03940241780048,0.984784913787538,1.025703116509,1.18517948227433,0.995646092020124,0.977503672075205,0.991665830378876,1.02800080387888,1.00156872713133,1.05308166312016,1.03247357795423,0.987774968568913,1.1044583168251,0.948125401212526,0.986272684795788,0.999446880310743,0.986352212592441,1.11328047045577,1.05781754141737,1.01160515437398,1.21167297676162,1.12363150614538,1.09187849184651,1.01435819360291,0,1.04399985324724,1.00431505091355
"Phenylglyoxylic acid",1.91716950808298,1.94422624991421,1.9271815077777,2.10635963238249,1.89280815236554,1.88588304895623,2.01401826284802,1.78735114060772,0,1.75841368343681,0,0,1.8985971158295,0,0,2.09628701425715,0,1.91102687586744,1.94674833619482,1.9139294714794,0,0,0,0,0,0,0
"Phenylpyruvic acid",1.11494602274798,1.15218382443789,1.01230261762767,1.18274503499816,1.09485247447046,1.06111995239768,1.11463437352794,1.11435179802231,1.06691547557255,1.05996071476189,1.07124744286355,1.03346707002825,1.07491968274379,1.08461145902364,0.979769178906942,1.20718169805149,1.00218649460552,1.13006961137526,1.01779477256338,1.09311745880597,0,1.25223935958175,1.08441271075482,0.986867476452034,0,1.02307419659388,0.985029099085197
"Phosphoric acid",0.995291153063523,0.991945438181897,0.997960388715484,1.01671226247995,0.999974572639319,0.9889380948547,0.989460915592835,0.993466328613516,0.994983918063744,0.996294183977849,1.01472682896438,0.990179456827946,1.01056813901195,0.970797729289795,0.983559198810978,0.994204900817173,0.985258778379435,1.01343879305971,1.00254800056311,1.01061380111715,1.00234504466371,1.01619964091502,1.00549485192787,1.00531109672051,0.999339339617249,1.02506266133458,1.0053244817966
"PHOSPHORYL-CHOLINE",0.9041897037422,0.89279674387682,0.907247180689682,1.12053051581748,1.01636545905923,1.03428565799056,1.04456052487273,1.09836468814693,1.05071844197743,1.02454074008702,1.07475347104867,1.05024354545161,1.09965054870098,1.01245895939194,0.874601648086077,0.925368152068106,0.950397179734823,1.1002100538405,0,0.968383032485755,1.1529844746001,1.09302745612697,1.12690857040026,1.08864584707396,1.06952254913918,1.17251539922179,1.14672945636921
"L-Proline",1.01126099949135,1.00188588481414,1.00386923425416,1.08382476644967,1.01464250779859,0.988953025204429,1.00669929906974,0.965736161717974,0.960668385449747,1.00111185076268,1.00272613836317,0.990631837556308,1.00227590119316,0.979628669499194,1.0401200161509,1.02219099996217,1.04833484168052,1.02004745765029,0.983571839949265,0.97770309523988,1.07578687136394,1.03213192922298,1.01978569104059,1.0124453658132,0.910208530086332,0.938509059690632,0.90524964052498
"Pseudouridine",0,0,0,0,0,0,0,2.51075531444485,2.13255127802994,0,2.53554664673951,2.18307213294205,2.48406118058896,0,0,2.26657689038933,2.26063232411988,2.47895179324887,0,0,0,2.87999082895262,2.49261737587261,2.77524423467137,0,0,0
"Pyroglutamic acid",1.00399894835615,0.993336166442755,1.0093518739119,1.05842728598659,0.999295982765021,0.98952049355304,0.985885375509438,1.00801637101125,0.98541680922988,1.01396979501461,1.00306684976798,0.988623542318866,1.00283938383275,0.979517436071342,0.981972977898006,0.990075254557686,0.99768793590405,1.01069483501298,1.02084240002421,0.985148426345762,1.02188291972557,0.994176194155016,0.984724774504452,0.986811763151944,0.982520883975401,1.00774983930974,1.01444548166363
"Pyruvic acid",0.995839084322224,1.00048041266426,1.01521351206829,1.03623453156166,1.01536550627053,0.98745087857421,0.97291207074048,0.984111943870304,0.968343803774163,0.987264751986038,0.998449948521817,0.987186502891625,0.976225012384742,0.958693527961791,0.992483938738742,0.988984404305703,1.00240545826448,1.02767881780787,1.00076942728076,1.00924989869569,1.03281301401435,1.00490920067264,1.03695579466457,0.997189992109227,0.99958239373851,1.02045787774475,1.00274829437057
"S-Adenosylhomocysteine",0,1.29278074760513,0,1.34235276405356,0,0,0,1.36814643898651,1.30031021762857,1.40177023703769,1.40603574067991,1.36626981824569,1.25222502647713,1.41264257811679,1.29430494748899,1.32395881988035,0,1.32247040444932,1.32829689307271,1.29980675298651,1.27566225429974,1.36979208242005,1.39401174038943,1.37440700409341,0,1.44286534880963,1.43189018327886
"salicylate",1.21078629943761,1.17665037402732,1.13181941532113,1.19245569639289,1.15132793380839,0,1.15084912396302,1.14103245614065,1.13763174711717,1.07252571815546,1.13312261640638,1.09641814507342,1.00153954258731,1.06625787504858,1.08861198419097,1.23593976491846,1.02499790758272,1.16132694933642,1.19066157038235,1.14315979313444,1.11207873885238,1.14300918040508,1.10087363398822,1.05998280887981,0,1.07694072484982,0
"Sarcosine",0,0,0,1.41347920028048,1.46618491294743,1.37132193764624,1.40756609965433,1.35553062839457,1.29867094136361,1.38555376056668,1.39627554419505,0,1.40944378170272,1.41284759249581,1.3658854318252,0,1.45929611551145,1.35232052834981,0,0,0,1.50639461425581,1.46632230985476,1.42281053245309,1.49934135581846,1.56980659117157,1.44094812151293
"D-Sedoheptulose 7-phosphate",1.67405031918889,1.40520861517929,1.61449982102296,0,0,1.62870649503255,1.60867788986985,1.71312707646798,1.609002808306,1.64146497805529,1.53025543432074,1.47318527977323,1.72693317718857,1.59733025434577,1.5668703129015,0,0,0,0,0,1.60202675721793,1.53759647738147,1.60362677547155,0,0,0,1.46743752827644
"L-Serine",1.07897767033281,1.05577974952603,1.04605728114636,1.12074469004419,1.00863473727252,1.02834829006598,1.02140225073746,1.03950914891202,1.02309190367358,1.03607121669494,1.04479062105818,1.02366194044883,1.09131758465261,0.967735045223988,1.01252563010035,0.997987290011184,1.02512022237683,1.05547234189661,1.04632548433491,1.01444626048197,1.12759031005576,1.08963565947647,1.07341199578153,1.02337902695331,0,0.998183242816093,0.94980040592549
"Stachyose",1.85309481662323,1.81449392373646,1.97879008305185,0,0,1.84061723683561,1.8891066248158,2.15134849029466,2.1110834356061,2.07366398776701,1.99229398867469,1.60221882897191,2.06980334050178,1.97477235753138,0,0,0,0,0,0,1.81655397855137,0,1.83215890703815,0,0,0,0
"Succinic acid",1.0895222312237,1.04467246560602,1.07038592129807,1.04034268488738,1.04780385206799,1.02469781575239,0.992635290640573,0.90814875679872,0.951764735949217,0.993755428318023,0.972574932783182,0.965833392251531,1.01183718860449,0.904799556276111,1.06509071714838,0.995004369736831,0.983633831693596,0.962730951081539,0.995928167780644,1.04637239359101,1.05646795875629,0.995279355531144,0.988960513543768,0.945775626387961,0.918291708541823,1.00795435435781,1.01973579939181
"Taurine",1.00448952669251,1.00234848425194,1.00423350152479,1.01034518668268,1.00994173448095,1.00734591917939,0.984565744251884,1.0045623717153,1.00040811237508,1.00531993951039,1.00655407467467,0.985811854126257,1.01215444981059,0.989066029105716,0.996714679326786,0.975778787402424,0.970684140599001,0.988823070176314,0.993365577518947,0.992605827684063,0.997720807885205,1.0140388893307,1.00645136292589,1.0073801166849,1.00488782738581,1.02755974469469,0.996842240003146
"taurodeoxycholate",0.938466056311065,1.1136131237939,1.0640068779378,1.11797477363456,1.1270634306539,1.04258786117106,1.05355696535756,0.991497348110972,0.893197900497481,0.978399568038667,0.98492524470554,0.984720618379918,0.90945243382135,0.883576249941154,1.09562338089653,0.961491584974014,0.983915340393617,1.08794013799081,1.09813222387445,0.987883725252373,1.16365586182086,0.729874926839259,0.973706557956781,0.920144070115268,0.974045304261127,0.963991365555354,0.976557067714622
"Threonic acid",0.997490856555489,0.957030478305546,1.01250383997972,0.965642935337248,1.04071525449587,1.03465881916242,0.995750306825661,0.991976842682239,0.956052258833104,0.957618418415075,0.95974330086602,0.97791135770712,1.01126493593274,0.939699377318002,0.976610328276532,1.02034468676735,1.00906747470574,1.03578679291868,1.04879860857962,1.04342333353062,0.995961818142263,0.998861903997735,0.968464549646654,0.986783443979671,1.01235613351612,1.07940845805677,1.02607348546598
"TRANS-4-HYDROXY-L-PROLINE",1.59365951494106,1.45620348294745,1.56992166569507,1.73645104062329,1.49878325859606,1.45746781153419,1.61807618510454,1.67753994251687,1.78030682726737,1.78413853430301,1.68734790996019,1.57674065406131,0,1.64550697325799,1.44259190822017,0,0,0,0,0,0,1.43394753540697,0,1.51096847147835,1.5303482840861,0,0
"L-Tryptophan",1.0407752882602,1.00441216313693,1.00151953858423,1.14906547438362,1.01614159730913,1.00922660381016,1.00884428265288,1.05369211973611,1.04533358865188,1.06400440503885,1.05812809829562,1.01623316412116,1.07650840815762,0.987076788984444,1.02973563944515,1.01235098832251,0.939742122352301,1.09229232586414,1.03817722517015,1.00277328781115,1.17257011166889,1.08691098046769,1.06939021416925,1.01572271155294,0,1.01873098179793,0.990641890255079
"L-Tyrosine",1.01591166788071,0.987564911923936,0.985077891384664,1.08149468644821,0.992217983511324,0.976493971716183,0.982083679020576,0.985626960454257,0.977768845330536,1.00826220362709,1.01652374378519,1.00007608411459,1.03585750433746,0.946252052697851,0.988679001039979,0.999566882831938,0.971576146077114,1.04645546472156,1.0142900664027,0.984558309987587,1.0984268228499,1.02099028608592,1.02531576510878,0.984789933419783,0.910900227250578,0.99828121585293,0.964957692138664
"Uracil",0.799722221201679,0.889693886446661,0.85488853474643,1.09424840018912,0.933915406750888,0.833760460255685,0.876565208975344,1.08048091022414,1.00980177235903,1.01895718107767,1.06130892356965,0.991385764642617,1.05272622501401,0.861532207453399,0.925936455928409,1.06855817162606,1.06906523670528,1.10254276525408,0.967574096764062,1.04008245952073,0.986254577068359,1.15345244789607,1.06992501580299,1.09115036492342,1.04162912518422,1.06707197002529,1.0577702103947
"Uric acid",2.82971511534638,0,2.90374380340382,0,0,0,0,0,0,0,2.72799963611214,2.72333537563639,0,0,3.03830867856977,0,0,0,0,2.90802896148946,3.44859099785475,0,3.16504331637261,0,0,3.25523411521469,0
"Uridine",0.938844635305083,0.962510725368528,0.979547067849961,1.06777982822327,1.00910776179459,0.982599661474554,0.990409610246841,1.05083838869619,1.08332497344733,1.04953208329493,1.0753888667956,1.01770953129207,1.04306051704866,1.03781397451166,0.957166568874848,0.979029751308192,0.960552735824379,0.975490679109889,0.911992012223953,0.955052643071155,0.972494067659594,1.03408812377444,1.03083473124512,1.04085926803757,0.940435242859563,0.985197662390566,0.968338888271464
"Uridine 5'-monophosphate",1.04107448112287,1.02052729041434,1.01731913199825,0.977587151422228,1.01527063486006,1.01746657618113,1.03717233983702,0.999737821911633,0.924662571625807,1.00867785491311,0.94451040774666,0.997026464463955,1.02444401003378,0.989686102543046,1.02744249440141,0.993140153094145,0.969136595117011,1.01934481392105,1.01785337553822,1.03606959282692,0.995669903782261,0.93642340390131,0.962840925898956,0.960117577500277,0.989244074146149,1.04083491828129,1.03671933251712
"Uridine diphosphate-N-acetylglucosamine",0,1.1811629440687,0,1.48016478847011,1.19363691106201,0,1.243839603205,1.12545435236137,1.12334430992875,1.18217022592941,1.23636066909899,1.23164386812019,0,1.1742711604572,0,1.26433959674341,0,1.30750300998351,1.32141406578846,1.33970940405666,1.50961039716431,1.28956000868624,1.37756695749652,1.42479530723467,1.29862801911975,1.29149608706285,1.4033283139619
"UDP-alpha-D-glucose",1.36349611257375,0,1.29281661612965,0,1.4501222530234,1.43069821130459,1.44083958259546,1.40882081603083,0,1.44728706692169,1.54429018804675,1.31330657895217,1.55541211088261,1.40535406804899,0,0,0,0,1.35059746386195,1.30653930950885,1.28043436096229,1.4175657061351,1.51765963344574,1.53301528541294,0,1.43556338094529,1.50618125521797
"Uridine diphosphate glucuronic acid",2.52340340384287,2.57134176570041,2.44533490659496,0,2.5151032522459,2.40131144644493,2.58948858515104,0,0,2.26447196460844,0,0,0,2.28759276246104,0,0,0,2.44958038375502,0,0,2.51602969286831,0,0,0,0,0,2.43634183632707
"Xanthine",0.986468119754115,1.00194189848799,0.991253901831468,1.02653087439072,1.00570471797355,0.979718236354761,0.978521185262592,1.00636823722588,1.00622583247598,1.00412019574359,1.01663986152997,1.00107304431879,1.00351940696429,0.971011242844359,0.992436898497053,1.00474828740779,1.00038461287874,1.01898492359879,0.998399083393209,1.00168200812896,0.965094587621124,1.01816453692319,1.01202231284099,1.01706541630604,0.987537657457581,1.00337626796526,1.0010066518232
