"","no","ANOVAfull","anova","oldWT-oldHet","young-oldHet","young-oldWT"
"AcCa(16:0)",0,0.8695,0.7075,1,0.9001,1
"AcCa(18:0)",0,0.8117,0.1793,1,0.3716,0.4365
"AcCa(18:1)",0,0.5122,0.1652,0.8202,0.9346,0.2831
"AcCa(18:2)",0,0.7426,0.0582,0.996,0.3227,0.1731
"AcCa(20:0)",0,0.1388,0.8109,1,1,0.9804
"AcCa(22:0)",0,0.0783,0.4036,1,0.5106,1
"AcCa(22:1)",0,0.3314,0.7107,1,0.9509,1
"Cer(d16:1_21:0)",0,0.2244,0.6549,1,0.9875,0.8678
"Cer(d16:1_22:0)",0,0.0552,0.0465,0.3376,1,0.1354
"Cer(d16:1_22:1)",0,0.1178,0.1449,0.4796,0.237,1
"Cer(d16:1_23:0)",0,0.0112,0.0343,1,0.0994,0.145
"Cer(d16:1_24:0)",0,0.1782,0.1426,1,0.2762,0.4016
"Cer(d16:1_24:1)",0,0.0517,0.0935,0.77,0.1167,0.769
"Cer(d16:1_24:2)",0,0.0172,0.02,0.2535,0.02,0.9687
"Cer(d16:1_24:3)",0,0.027,0.0582,1,0.0964,0.3396
"Cer(d16:1_26:1)",0,0.09,0.0589,1,0.1403,0.2305
"Cer(d16:2_20:1)",0,0.4159,0.7126,1,1,1
"Cer(d16:2_21:1)",0,0.2653,0.0267,1,0.0613,0.1507
"Cer(d16:2_22:1)",0,0.5549,0.065,0.6715,0.0876,0.7742
"Cer(d16:2_23:1)",0,0.3196,0.7623,1,1,0.9386
"Cer(d16:2_24:1)",0,0.0164,0.1203,0.9804,0.1551,0.6571
"Cer(d16:2_25:1)",0,0.0555,0.0906,0.7442,0.1138,0.791
"Cer(d16:2_26:2)",0,0.008,0.0437,0.565,0.0592,0.6936
"Cer(d17:1_24:2)",0,0.0372,0.0216,0.4549,0.026,0.4018
"Cer(d18:1_16:0)",0,0.8682,0.7595,1,0.9482,1
"Cer(d18:1_24:2)",0,0.2316,0.1865,0.8142,0.2322,0.9687
"Cer(d18:1_24:3)",0,0.2033,0.1589,0.565,0.2301,1
"Cer(d18:1_26:1)",0,0.2985,0.8344,1,1,0.9687
"Cer(d18:2_16:0)",0,0.5795,0.7141,1,1,0.8935
"Cer(d18:2_23:0)",0,0.0124,0.1145,0.4504,0.177,1
"Cer(d18:2_24:1)",0,0.0181,0.0854,0.7654,0.1111,0.7525
"Cer(d32:1)",0,0.9291,0.6673,1,0.8582,1
"Cer(d33:1)",0,0.8777,0.8693,1,1,1
"Cer(d35:1)",0,0.7629,0.8244,1,1,1
"Cer(d39:2)",0,0.02,0.0288,0.6715,0.0381,0.3495
"Cer(d41:1)",0,0.0169,0.0343,1,0.1138,0.1354
"Cer(d42:1)",0,0.4438,0.6374,1,1,0.8263
"Cer(d43:1)",0,0.2548,0.4534,0.7654,0.8061,0.9736
"Cer(d43:2)",0,0.0181,0.0582,1,0.1915,0.1986
"Cer(d43:3)",0,0.0039,0.039,0.8204,0.0592,0.3589
"Cer(d43:4)",0,0.0065,0.0982,0.6715,0.12,0.9076
"Cer(d43:5)",0,0.0374,0.2088,0.6295,0.3138,1
"Cer(d44:1)",0,0.8449,0.0947,0.7238,0.1167,0.8427
"Cer(d44:3)",0,0.0086,0.0589,1,0.1003,0.3589
"Cer(d44:4)",0,0.1176,0.2092,1,0.2769,0.8265
"Cer(d45:1)",0,0.7535,0.1332,0.764,0.1559,0.8935
"Cer(d45:2)",0,0.3196,0.575,1,1,0.767
"Cer(d45:3)",0,0.1488,0.2738,1,0.7744,0.4546
"Cer(d45:4)",0,0.0389,0.4243,1,0.59,0.8678
"Cer(d46:2)",0,0.6869,0.4759,0.8936,0.6755,1
"Cer(d47:3)",0,0.5784,0.0987,1,0.2451,0.2879
"Cer(d48:2)",0,0.4697,0.3143,0.9359,0.3928,1
"Cer(t17:0_22:0)",0,0.1618,0.1029,1,0.183,0.3853
"Cer(t17:0_23:0)",0,0.0048,0.0133,1,0.0429,0.1171
"Cer(t17:1_23:0)",0,0.5414,0.0343,0.3233,0.9462,0.1171
"Cer(t17:1_25:1)",0,0.0076,0.0192,0.7442,0.02,0.1702
"Cer(t18:0_23:0)",0,0.0066,0.0346,1,0.1438,0.1304
"Cer(t18:0_24:0)",0,0.0046,0.0224,0.9987,0.098,0.1171
"Cer(t18:0_25:0)",0,0.012,0.0461,0.7442,0.401,0.1354
"Cer(t18:0_25:1)",0,7e-04,0.0216,1,0.0513,0.1171
"Cer(t18:0_26:0)",0,0.1343,0.065,0.4504,1,0.1731
"Cer(t18:1_26:0)",0,0.38,0.1675,0.4796,0.9842,0.4049
"Cer(t42:1)",0,2e-04,0.0175,1,0.0287,0.1171
"Cer(t45:0)",0,0.8682,0.0695,0.3188,1,0.2063
"Cer(t46:0)",0,0.8647,0.2397,0.565,0.5147,0.9201
"ChE(18:3)",0,0.0725,0.1983,1,0.4054,0.47
"ChE(22:5)",0,0.0783,0.0458,1,0.1244,0.1746
"ChE(22:6)",0,0,0.1426,1,0.3227,0.3589
"DG(14:0_18:2)",0,0.0662,0.0582,1,0.143,0.2116
"DG(16:0_16:1)",0,0.3324,0.1641,1,0.2301,0.692
"DG(16:0_18:1)",0,0.0556,0.0133,0.3111,0.0126,0.2904
"DG(16:0_18:2)",0,0.0126,0.0556,0.8562,0.0793,0.4477
"DG(16:0_18:3)",0,0.3535,0.0565,1,0.0858,0.3632
"DG(16:1_18:3)",0,0.0636,0.0582,1,0.1431,0.2116
"DG(16:1_22:5)",0,0.093,0.0582,1,0.1431,0.2116
"DG(17:1_18:1)",0,0.0157,0.0133,0.764,0.016,0.1354
"DG(17:1_18:2)",0,0.0085,0.0582,0.996,0.0891,0.3801
"DG(18:0_18:1)",0,0.22,0.0634,0.5972,0.086,0.8653
"DG(18:1_18:1)",0,0.0253,0.0224,0.3046,0.0273,0.8484
"DG(18:1_18:2)",0,0.0079,0.0505,0.9022,0.0782,0.3851
"DG(18:1_20:4)",0,0.0097,0.1585,1,0.3104,0.4239
"DG(18:1_22:4)",0,0.0079,0.1791,1,0.332,0.4746
"DG(18:1_22:5)",0,0.0096,0.0595,0.8934,0.0891,0.4919
"DG(18:2_18:2)",0,0.0079,0.0124,0.7635,0.0129,0.1181
"DG(18:2_22:6)",0,0.0086,0.0348,0.979,0.0592,0.2552
"DG(18:3_18:2)",0,0.0852,0.1587,1,0.2252,0.6594
"DG(18:3_22:1)",0,0.0079,0.162,1,0.227,0.6833
"DG(18:3_22:6)",0,0.0098,0.0595,0.6257,0.0839,0.8169
"DG(18:4_18:2)",0,0.0855,0.0582,1,0.143,0.2116
"DG(18:4_22:6)",0,0.1338,0.0582,1,0.143,0.2116
"DG(19:3e)",0,0.0404,0.3133,0.9929,0.3928,0.9754
"DG(19:4e)",0,0.5549,0.9992,1,1,1
"DG(20:1_18:1)",0,0.1848,0.0576,0.6395,0.0793,0.7555
"DG(20:1_18:2)",0,0.003,0.0133,0.3046,0.0126,0.3021
"DG(20:1_18:3)",0,0.0187,0.0567,0.9987,0.0876,0.3692
"DG(20:1_22:5)",0,0.3688,0.0124,0.3098,0.0126,0.207
"DG(20:1_22:6)",0,0.0052,0.0216,0.3046,0.0251,0.8645
"DG(20:2_22:6)",0,0.2975,0.0124,0.7483,0.0126,0.1171
"DG(20:3_18:2)",0,0.0052,0.0124,0.3098,0.0126,0.1986
"DG(20:3_22:6)",0,0.0341,0.0582,1,0.143,0.2116
"DG(20:5_18:2)",0,0.1247,0.0582,1,0.143,0.2116
"DG(22:1_18:2)",0,0.0622,0,0.0012,0,0.1354
"DG(22:1_22:6)",0,0.0612,0,2e-04,0,0.2277
"DG(22:5_18:2)",0,0.0739,0.3329,1,0.4342,0.8991
"DG(22:5_22:6)",0,0.0662,0.2168,1,0.4104,0.5271
"DG(22:6_22:6)",0,0.1559,0.0131,0.7442,0.0129,0.1304
"DG(26:5e)",0,0.096,0.2289,1,0.5106,0.4773
"FA(13:0)",0,0.6615,0.5012,0.8642,1,0.7961
"FA(14:0)",0,0.0104,0.0258,0.5972,0.0324,0.3647
"FA(14:1)",0,0.0409,0.2955,0.9385,0.3716,1
"FA(15:0)",0,0.347,0.3274,0.9699,0.4076,1
"FA(16:0)",0,0.0162,0.3177,0.9448,1,0.4646
"FA(16:1)",0,0.3715,0.0565,0.5364,0.0782,0.8659
"FA(17:0)",0,0.5261,0.575,1,0.741,1
"FA(17:1)",0,0.5425,0.0346,0.62,0.0467,0.4886
"FA(18:0)",0,0.261,0.3799,0.7357,1,0.7063
"FA(18:1)",0,0.0491,0.0567,0.9176,0.0839,0.4239
"FA(18:2) (1)",0,0.0086,0.0346,0.6395,0.0471,0.4572
"FA(18:2) (2)",0,0.1117,0.0945,1,0.1584,0.3863
"FA(18:3)",0,0.0078,0.0388,1,0.0814,0.1986
"FA(18:4)",0,0.0097,0.0216,0.6715,0.0277,0.2372
"FA(19:0)",0,0.4533,0.2276,1,0.837,0.3692
"FA(19:1)",0,0.2802,0.0565,0.4968,0.0782,0.9022
"FA(20:0)",0,0.5279,0.9003,1,1,1
"FA(20:1)",0,0.0611,0.0124,0.2468,0.0122,0.4403
"FA(20:2) (1)",0,0.0051,0.0216,0.541,0.0266,0.315
"FA(20:2) (2)",0,0.3862,0.0652,0.6082,0.0876,0.8659
"FA(20:3) (1)",0,0.003,0.0348,0.8562,0.0536,0.3021
"FA(20:3) (2)",0,0.4193,0.0369,1,0.077,0.2116
"FA(20:4) (1)",0,0.0064,0.1187,1,0.2808,0.315
"FA(20:4) (2)",0,0.0704,0.2548,0.9775,0.3214,0.9201
"FA(20:5) (1)",0,0.2014,0.2168,0.7357,0.2834,1
"FA(20:5) (2)",0,0.0072,0.0423,0.6118,0.5568,0.1298
"FA(21:0)",0,0.5497,0.9766,1,1,1
"FA(21:1)",0,0.0227,0.0096,0.1369,0.007,0.5747
"FA(22:0)",0,0.4829,0.1495,1,0.3227,0.3741
"FA(22:1)",0,0.1538,0.0175,0.2784,0.0153,0.7181
"FA(22:2) (1)",0,0.012,0.0138,0.3046,0.0126,0.3632
"FA(22:2) (2)",0,0.4864,0.0339,0.3107,0.0429,0.9736
"FA(22:3)",0,0.0138,0.0194,0.3698,0.0191,0.3643
"FA(22:4) (1)",0,0.0203,0.1251,0.7415,0.1473,0.902
"FA(22:4) (2)",0,0.036,0.412,0.9422,0.5339,1
"FA(22:5) (1)",0,0.0459,0.0511,0.5064,0.0711,0.8645
"FA(22:5) (2)",0,0.3179,0.0582,0.3046,0.1045,1
"FA(22:6) (1)",0,0.2762,0.2169,0.5448,0.4723,0.9116
"FA(22:6) (2)",0,0.1591,0.1675,0.4504,0.5766,0.6873
"FA(23:0)",0,0.9791,0.6135,1,1,0.8076
"FA(23:1)",0,0.1074,0.024,0.3527,0.0283,0.6536
"FA(24:0)",0,0.3688,0.1585,0.5123,1,0.3383
"FA(24:1)",0,0.0483,0.0346,0.514,0.0439,0.6294
"FA(24:2)",0,0.0506,0.0138,0.2433,0.0129,0.9446
"FA(25:0)",0,0.4891,0.2451,0.6395,1,0.4596
"FA(25:1)",0,0.0861,0.0565,0.7135,0.0784,0.6294
"FA(26:0)",0,0.5505,0.234,0.565,0.9875,0.5367
"FA(26:1)",0,0.0811,0.1478,1,0.1949,0.6991
"FA(27:0)",0,0.8063,0.1793,0.5364,1,0.3749
"FA(28:0)",0,0.5281,0.0771,0.3749,1,0.1986
"FA(28:1)",0,0.2895,0.2789,1,0.5599,0.5697
"FA(29:0)",0,0.8065,0.4198,0.7442,0.7576,0.9804
"FA(30:0)",0,0.0306,0.0312,0.3529,0.7847,0.1171
"FA(30:1)",0,0.4745,0.5352,1,0.8906,0.7871
"FA(32:0)",0,0.0314,0.0418,0.7357,0.3824,0.1304
"FA(32:1)",0,0.0073,0.0582,1,0.2617,0.1797
"FA(33:0)",0,0.5347,0.4111,0.8436,1,0.6311
"FA(34:0)",0,0.5394,0.6135,0.9451,1,0.8949
"FA(34:1)",0,0.0159,0.1634,1,0.401,0.3692
"Hex1Cer(d38:1)",0,0.6923,0.2065,1,0.3753,0.5346
"Hex1Cer(d39:1)",0,0.864,0.1879,1,0.2759,0.6576
"Hex1Cer(d40:1)",0,0.8632,0.8065,1,0.9875,1
"Hex1Cer(d40:2)",0,0.5795,0.7499,1,1,0.9076
"Hex1Cer(d41:1)",0,0.7953,0.6048,1,0.7993,0.9687
"Hex1Cer(d42:1)",0,0.8519,0.485,1,0.6491,0.9432
"Hex1Cer(d42:2)",0,0.9375,0.4111,1,0.837,0.6436
"Hex1Cer(d44:1)",0,0.7918,0.6087,1,0.837,0.9088
"Hex2Cer(d18:1_24:0)",0,0.0051,0.0124,0.3069,0.0126,0.2367
"Hex2Cer(d18:1_24:1)",0,0.0097,0.1585,1,0.3285,0.4016
"Hex2Cer(d42:2)",0,0.0046,0.0582,1,0.1431,0.2116
"LPC(14:0)",0,0.7177,0.2059,0.7654,0.2595,1
"LPC(14:1e)",0,0.9928,0.4327,1,1,0.62
"LPC(15:0)",0,0.4437,0.5774,0.9385,0.837,1
"LPC(16:0)",0,0.3272,0.1478,0.4632,0.274,0.9794
"LPC(16:0e)",0,0.2853,0.3073,0.6301,0.798,0.8112
"LPC(16:1) (1)",0,0.5123,0.2094,0.514,0.6252,0.7757
"LPC(16:1) (2)",0,0.7801,0.0582,0.3188,0.0933,1
"LPC(16:1e)",0,0.4962,0.5584,0.996,1,0.769
"LPC(17:0)",0,0.6858,0.5646,1,1,0.7605
"LPC(17:1) (1)",0,0.7577,0.1188,1,0.1949,0.448
"LPC(17:1) (2)",0,0.4225,0.3329,0.7442,0.4936,1
"LPC(18:0)",0,0.6275,0.2998,0.6295,0.8036,0.7961
"LPC(18:1) (1)",0,0.3204,0.6921,1,1,0.8935
"LPC(18:1) (2)",0,0.7762,0.3268,0.6544,0.7847,0.8484
"LPC(18:1e)",0,0.3931,0.2935,0.6715,0.4937,1
"LPC(18:2) (1)",0,0.1608,0.0434,0.2589,0.6545,0.1939
"LPC(18:2) (2)",0,0.5554,0.174,0.4647,0.7993,0.5331
"LPC(18:3) (1)",0,0.8393,0.8939,1,1,1
"LPC(18:3) (2)",0,0.3685,0.9901,1,1,1
"LPC(18:4) (1)",0,0.8777,0.4765,0.8193,0.7786,1
"LPC(18:4) (2)",0,0.9139,0.1398,0.7057,0.1655,0.9782
"LPC(19:0)",0,0.2759,0.6844,0.996,1,0.9784
"LPC(19:1)",0,0.106,0.4856,0.8745,1,0.7557
"LPC(20:0)",0,0.4261,0.2711,1,0.3458,0.8949
"LPC(20:1) (1)",0,0.4246,0.4041,0.7405,1,0.7605
"LPC(20:1) (2)",0,0.6551,0.3178,0.6709,1,0.6569
"LPC(20:1e)",0,0.4261,0.0261,1,0.0639,0.145
"LPC(20:2) (1)",0,0.3407,0.3499,0.7233,1,0.6421
"LPC(20:2) (2)",0,0.7577,0.1974,0.5207,0.9477,0.4886
"LPC(20:3) (1)",0,0.9176,0.6921,1,1,0.8935
"LPC(20:3) (2)",0,0.8117,0.4816,0.8039,0.9882,0.8659
"LPC(20:4) (1)",0,0.6434,0.7401,1,1,0.902
"LPC(20:5) (1)",0,0.7516,0.7497,1,1,0.902
"LPC(20:5) (2)",0,0.7996,0.1452,0.9208,0.7756,0.2541
"LPC(22:0)",0,0.0845,0.3558,0.6715,0.83,0.8484
"LPC(22:1) (1)",0,0.3053,0.3989,0.7442,0.6766,1
"LPC(22:1) (2)",0,0.3309,0.5598,0.9121,0.837,1
"LPC(22:4) (2)",0,0.5784,0.2966,1,0.9001,0.4546
"LPC(22:5) (1)",0,0.4291,0.2686,0.6715,1,0.4746
"LPC(22:5) (2)",0,0.6266,0.625,0.9933,1,0.8659
"LPC(22:6)",0,0.6678,0.1675,0.7057,1,0.2879
"LPC(24:1) (1)",0,0.4154,0.6709,1,0.8479,1
"LPC(24:1) (2)",0,0.28,0.9097,1,1,1
"LPE(16:0)",0,0.7156,0.0451,0.2535,0.145,0.5466
"LPE(17:0)",0,0.8469,0.9165,1,1,1
"LPE(18:0)",0,0.4261,0.3792,0.7078,0.9346,0.7961
"LPE(18:1) (1)",0,0.7577,0.4715,0.979,0.6147,1
"LPE(18:1) (2)",0,0.8023,0.2767,0.5972,0.8404,0.716
"LPE(18:2) (1)",0,0.049,0.6222,1,0.8003,1
"LPE(18:2) (2)",0,0.7164,0.0854,0.3069,0.5565,0.3863
"LPE(18:3) (1)",0,0.4485,0.6873,1,1,0.8645
"LPE(18:3) (2)",0,0.8128,0.6222,1,1,0.8421
"LPE(20:1)",0,0.3495,0.1989,0.565,1,0.4029
"LPE(20:4)",0,0.6214,0.9127,1,1,1
"LPE(20:5) (1)",0,0.6384,0.3371,1,0.9539,0.494
"LPE(20:5) (2)",0,0.7061,0.5214,0.8642,1,0.8427
"LPE(22:1)",0,0.4361,0.3293,1,0.8897,0.494
"LPE(22:5) (1)",0,0.5709,0.2911,1,0.7205,0.4925
"LPE(22:5) (2)",0,0.3912,0.195,0.7357,1,0.3259
"LPE(22:6)",0,0.524,0.3369,0.9422,1,0.4886
"LPG(28:0)",0,0.1371,0.0567,0.9332,0.0844,0.4178
"LPI(18:0)",0,0.3012,0.7592,1,1,0.9076
"LPI(20:4)",0,0.1124,0.8601,1,1,1
"MG(18:3)",0,0.9375,0.1482,1,0.5692,0.2831
"MG(22:5)",0,0.0138,0.0224,0.3324,0.0273,0.6542
"MG(22:6)",0,0.0231,0.0687,0.6733,0.0897,0.7871
"OAHFA(24:0)",0,0.366,0.0565,0.3046,0.9945,0.1813
"OAHFA(26:0)",0,0.1865,0.0598,0.3046,0.5599,0.2904
"OAHFA(27:0)",0,0.4153,0.1611,0.4796,1,0.3706
"OAHFA(36:1)",0,0.0627,0.0556,0.7057,0.0782,0.62
"OAHFA(36:3)",0,0.012,0.0282,0.4166,0.0336,0.6536
"OAHFA(39:4)",0,0.6536,0.93,1,1,1
"OAHFA(40:1)",0,0.1443,0.0059,0.0397,0.0056,1
"OAHFA(40:4)",0,0.9095,0.8958,1,1,1
"OAHFA(40:7)",0,0.7641,0.1676,0.4669,0.3763,0.8949
"OAHFA(42:7)",0,0.2728,0.024,0.2535,0.0344,1
"OAHFA(42:9)",0,0.0253,0.1693,0.6715,0.224,1
"OAHFA(44:1)",0,0.4189,0.0252,0.268,0.0344,1
"OAHFA(44:9)",0,0.1252,0.1336,0.5364,0.1827,1
"OAHFA(48:4)",0,0.5347,0.1886,0.7357,0.2391,1
"PA(18:0_18:2)",0,0.6058,0.1147,0.3454,0.2775,0.8427
"PA(20:3_22:6)",0,0.9943,0.1577,0.5216,0.2451,1
"PA(36:1)",0,0.7936,0.0562,0.3046,0.1167,0.8659
"PA(36:3)",0,0.5608,0.1634,0.4647,0.3716,0.8935
"PA(38:1)",0,0.5382,0.0987,0.4647,0.143,1
"PA(38:2)",0,0.6836,0.118,0.6709,0.143,0.9736
"PA(38:3)",0,0.7641,0.0793,0.565,0.1034,0.972
"PA(38:4)",0,0.667,0.1482,0.6709,0.183,1
"PA(38:5)",0,0.2853,0.2148,0.6295,0.3286,1
"PA(38:6)",0,0.2443,0.2916,0.6395,0.5598,0.9736
"PA(40:5)",0,0.7465,0.1675,0.4968,0.3123,0.9942
"PA(40:6)",0,0.9832,0.0651,0.4683,0.0894,1
"PA(40:7) (1)",0,0.5549,0.1379,0.4968,0.2071,1
"PA(40:7) (2)",0,0.863,0.2353,0.565,0.5339,0.8986
"PA(40:8)",0,0.8117,0.1482,0.495,0.2378,1
"PA(42:6)",0,0.7093,0.1466,0.8039,0.1763,0.8935
"PA(42:7)",0,0.9688,0.2601,0.8911,0.3227,1
"PA(42:8)",0,0.8367,0.1793,0.7635,0.227,0.9971
"PC(14:0_18:2)",0,0.0027,0.0192,1,0.0474,0.1171
"PC(15:0_18:2)",0,0.0216,0.0271,0.3529,0.6861,0.1171
"PC(16:0_18:2)",0,0.0054,0.0224,0.3376,0.5565,0.1171
"PC(16:1_16:1)",0,0.5549,0.5605,0.9271,1,0.8329
"PC(16:1_18:1)",0,0.003,0.015,0.2535,0.7099,0.1171
"PC(17:0_18:2)",0,0.0116,0.0348,0.3098,1,0.1171
"PC(17:1_16:1)",0,0.0239,0.5926,0.9208,1,0.9065
"PC(18:3_18:3)",0,0.3111,0.3531,0.9913,1,0.5043
"PC(25:0)",0,0.2319,0.676,1,0.8893,1
"PC(27:0)",0,0.7089,0.0565,0.5364,0.0782,0.8659
"PC(27:1)",0,0.6054,0.2215,0.5972,0.3716,1
"PC(27:2)",0,0.6877,0.4493,0.7654,0.798,0.9794
"PC(27:3)",0,0.6535,0.3725,0.7442,0.5787,1
"PC(29:1)",0,0.7313,0.0416,0.2535,0.1273,0.5698
"PC(29:2)",0,0.3035,0.0472,0.2958,0.0895,0.9201
"PC(29:3)",0,0.705,0.0798,0.3292,0.1438,1
"PC(30:0)",0,0.0044,0.0343,1,0.0784,0.1702
"PC(30:1)",0,0.0065,0.0216,0.9933,0.0302,0.1614
"PC(30:2)",0,0.048,0.0232,0.268,0.0299,1
"PC(31:0)",0,0.0168,0.0386,0.565,0.5565,0.1171
"PC(31:1)",0,0.1075,0.4902,1,0.6445,0.9782
"PC(31:5)",0,0.1214,0.122,0.3454,0.357,0.7555
"PC(31:6)",0,0.2868,0.3329,0.6715,0.6252,0.9784
"PC(32:0)",0,0.0079,0.1286,0.7405,0.9346,0.2234
"PC(32:0e)",0,0.9959,0.192,1,0.4707,0.4049
"PC(32:1)",0,0.012,0.2069,0.7654,1,0.3444
"PC(32:1e)",0,0.0489,0.162,1,0.6566,0.2944
"PC(32:3) (1)",0,0.0034,0.0301,1,0.1271,0.1171
"PC(32:3) (2)",0,0.0118,0.002,0.3098,0.0021,0.1171
"PC(32:4) (1)",0,0.1553,0.0935,0.9271,0.1235,0.6267
"PC(32:4) (2)",0,0.0916,0.0224,0.5407,0.0273,0.3589
"PC(32:5) (1)",0,0.491,0.0124,0.3046,0.0126,0.2831
"PC(32:5) (2)",0,0.023,0.0565,0.9959,0.0851,0.3643
"PC(33:0)",0,0.1011,0.0233,0.3206,0.685,0.1171
"PC(33:1)",0,0.015,0.1669,0.7405,1,0.2831
"PC(33:3) (1)",0,0.0076,0.8555,1,1,1
"PC(33:3) (2)",0,0.0201,0.2779,1,0.6574,0.4942
"PC(33:4) (1)",0,0.1581,0.0556,1,0.1223,0.207
"PC(33:4) (2)",0,0.1178,0.7135,1,1,0.892
"PC(33:5)",0,0.5281,0.4547,1,1,0.6421
"PC(33:6)",0,0.0762,0.0293,0.2535,0.0489,1
"PC(33:7)",0,0.3281,0.0799,0.4504,0.1138,1
"PC(34:1)",0,0.0021,0.0124,0.1487,1,0.1171
"PC(34:1e)",0,0.0254,0.5818,0.9873,1,0.8112
"PC(34:2e)",0,0.015,0.9338,1,1,1
"PC(34:3) (1)",0,0.0064,0.0216,0.3454,0.4701,0.1171
"PC(34:3) (2)",0,0.0103,0.0216,0.4259,0.3229,0.1171
"PC(34:5) (1)",0,0.0052,0.0216,0.9027,0.0298,0.1759
"PC(34:5) (2)",0,0.3461,0.1232,1,0.316,0.3108
"PC(34:5) (3)",0,0.0017,0.0458,1,0.1287,0.174
"PC(34:6) (1)",0,0.0117,0.0124,0.7442,0.0126,0.1171
"PC(34:6) (2)",0,0.6288,0.0192,1,0.0298,0.1171
"PC(34:6) (3)",0,0.0297,0.0124,0.3046,0.0126,0.1986
"PC(34:7)",0,0.0098,0.0133,1,0.02,0.1171
"PC(35:0)",0,0.4261,0.4943,0.8188,0.8906,0.9446
"PC(35:1)",0,0.1912,0.0637,0.3046,0.7269,0.2552
"PC(35:3) (1)",0,0.039,0.0216,0.2535,1,0.1171
"PC(35:3) (2)",0,0.0138,0.2104,0.9929,0.853,0.3568
"PC(35:4) (1)",0,0.8179,0.0849,0.6715,0.855,0.1837
"PC(35:4) (2)",0,0.4189,0.5605,0.9121,0.837,1
"PC(35:5) (1)",0,0.0116,0.0652,1,0.227,0.2061
"PC(35:5) (2)",0,0.0938,0.6048,0.9332,1,0.9088
"PC(35:6)",0,0.2014,0.0565,0.9959,0.2881,0.1626
"PC(36:0)",0,0.1338,0.2496,0.7238,1,0.4078
"PC(36:1)",0,0.0079,0.1223,0.4669,1,0.2598
"PC(36:2) (1)",0,0.01,0.0312,0.2922,1,0.1171
"PC(36:2) (2)",0,0.0079,0.1001,0.5277,1,0.207
"PC(36:2e)",0,0.0169,0.8511,1,1,1
"PC(36:3) (1)",0,0.0046,0.0418,0.2958,1,0.145
"PC(36:3) (2)",0,0.214,0.4138,0.7654,1,0.702
"PC(36:3e)",0,0.0784,0.9713,1,1,1
"PC(36:4) (1)",0,0.012,0.0343,0.3046,1,0.1171
"PC(36:4) (2)",0,0.4266,0.2955,0.6257,0.8036,0.7871
"PC(36:4e)",0,0.0138,0.1793,0.4669,0.7993,0.5498
"PC(36:5) (1)",0,0.0071,0.0595,0.5851,0.8479,0.1568
"PC(36:5) (2)",0,0.0075,0.0224,0.3046,0.838,0.1171
"PC(36:5e)",0,0.5784,0.8608,1,1,1
"PC(36:6) (1)",0,0.0046,0.0591,0.9498,0.3706,0.1731
"PC(36:6) (2)",0,0.0129,0.1071,0.5904,1,0.207
"PC(36:6e)",0,0.0069,0.0339,0.7057,0.2962,0.1171
"PC(36:7) (1)",0,0.4652,0.0339,0.6709,0.3286,0.1171
"PC(36:7) (2)",0,0.6434,0.0565,0.3188,1,0.1564
"PC(36:7e)",0,0.0097,0.379,0.7135,0.9875,0.7605
"PC(36:8)",0,0.2195,0.192,0.7357,0.2451,1
"PC(37:0)",0,0.2869,0.6446,1,0.893,0.9076
"PC(37:1)",0,0.4225,0.9386,1,1,1
"PC(37:2)",0,0.0722,0.3736,0.7884,1,0.6078
"PC(37:3)",0,0.0313,0.0854,0.3374,1,0.2271
"PC(37:5)",0,0.4261,0.0348,0.5407,0.5557,0.1171
"PC(37:6)",0,0.0199,0.4816,0.8039,0.8575,0.9637
"PC(38:0)",0,0.6573,0.4717,1,0.7497,0.8061
"PC(38:1)",0,0.1129,0.5504,1,0.837,0.8402
"PC(38:2)",0,0.2413,0.626,1,1,0.8112
"PC(38:3) (1)",0,0.0108,0.4485,1,1,0.6421
"PC(38:3) (2)",0,0.0376,0.0652,0.3046,0.741,0.2583
"PC(38:3e)",0,0.8614,0.0959,1,0.2759,0.2552
"PC(38:4) (1)",0,0.0068,0.0487,0.3046,0.9927,0.1703
"PC(38:4) (2)",0,0.0025,0.0418,0.3046,1,0.145
"PC(38:5)",0,0.0027,0.0252,0.3376,0.6759,0.1171
"PC(38:6) (1)",0,0.7936,0.6025,1,1,0.791
"PC(38:6) (2)",0,0.0072,0.3989,1,0.647,0.7555
"PC(38:6) (3)",0,0.0078,0.0348,0.2535,0.4108,0.1986
"PC(38:6e)",0,0.0051,0.1892,0.5972,1,0.3632
"PC(38:7) (1)",0,0.2528,0.1355,0.3951,0.9041,0.3643
"PC(38:7) (2)",0,0.1703,0.236,0.9933,0.8906,0.3706
"PC(38:7e)",0,0.001,0.162,0.565,1,0.315
"PC(38:8)",0,0.1117,0.1398,0.3789,0.7868,0.4365
"PC(38:9)",0,0.0124,0.0216,0.6733,0.143,0.1171
"PC(39:1)",0,0.5025,0.0216,0.2433,0.0287,1
"PC(39:5)",0,0.0098,0.0611,0.3098,1,0.1986
"PC(39:6)",0,0.0023,0.1928,0.4902,0.7945,0.6017
"PC(40:1)",0,0.3787,0.5234,0.8642,1,0.8447
"PC(40:10)",0,0.027,0.0785,1,0.4095,0.1986
"PC(40:2) (1)",0,0.5554,0.7075,1,1,0.9088
"PC(40:2) (2)",0,0.3462,0.4902,0.8193,1,0.8427
"PC(40:3)",0,0.0135,0.3369,1,0.4525,0.8659
"PC(40:4) (1)",0,0.0098,0.192,1,0.6291,0.3612
"PC(40:4) (2)",0,0.0331,0.4459,0.8193,1,0.7155
"PC(40:5)",0,0.0245,0.6223,1,1,0.8112
"PC(40:6)",0,0.0187,0.2068,0.565,1,0.4365
"PC(40:7) (1)",0,0.0114,0.3681,0.7135,1,0.7063
"PC(40:7) (2)",0,0.0268,0.0969,0.3111,0.3928,0.5829
"PC(40:7e)",0,0.2018,0.0947,0.514,1,0.2012
"PC(40:8) (1)",0,0.015,0.0343,0.2535,0.9001,0.1378
"PC(40:8) (2)",0,0.11,0.0216,0.1369,0.1137,0.2063
"PC(40:9) (1)",0,0.495,0.6326,1,1,0.816
"PC(40:9) (2)",0,0.0046,0.0348,0.2784,1,0.1304
"PC(41:2)",0,0.5728,0.6709,1,0.9477,0.902
"PC(41:6)",0,0.0187,0.1165,0.4549,0.1807,1
"PC(42:10)",0,0.3243,0.3905,0.7442,1,0.6873
"PC(42:11)",0,0.0181,0.6814,1,1,0.8909
"PC(42:2) (1)",0,0.4962,0.9766,1,1,1
"PC(42:2) (2)",0,0.7447,0.7499,1,0.9927,0.9725
"PC(42:3)",0,0.1385,0.2009,1,0.3156,0.6304
"PC(42:6)  (2)",0,0.3862,0.0192,0.2535,0.0191,0.9365
"PC(42:6) (1)",0,0.0573,0.5085,0.8456,0.83,1
"PC(42:6e)",0,0.8844,0.244,1,0.5481,0.4886
"PC(42:7e)",0,0.9436,0.0582,0.9632,0.0894,0.4239
"PC(42:8)",0,0.582,0.4111,0.7357,0.8906,0.8645
"PC(44:11)",0,0.0446,0.366,1,0.4603,0.9952
"PC(44:12)",0,0.0064,0.1495,0.4504,0.3104,0.9201
"PE(11:0_16:0)",0,0.0647,0.0216,0.1369,0.2525,0.145
"PE(14:0_22:6)",0,0.0075,0.0576,0.2928,0.4422,0.3147
"PE(14:1e_22:6)",0,0.0098,0.1696,1,0.4675,0.3632
"PE(15:0_22:6) (1)",0,0.6923,0.162,0.6298,0.2196,1
"PE(15:0_22:6) (2)",0,0.7641,0.9929,1,1,1
"PE(16:0_16:1)",0,0.5608,0.3566,0.8743,0.464,1
"PE(16:0_18:1)",0,0.015,0.0687,0.3749,1,0.1813
"PE(16:0_18:2)",0,0.0552,0.1974,1,0.7574,0.3495
"PE(16:0_18:3)",0,0.2195,0.192,0.8697,0.9509,0.315
"PE(16:0_20:5)",0,0.0138,0.0845,0.4669,1,0.1986
"PE(16:0_22:1)",0,0.3281,0.1214,0.3523,0.8036,0.3741
"PE(16:0_22:4)",0,0.2929,0.0582,0.2928,0.3477,0.3705
"PE(16:0_22:6) (1)",0,0.0138,0.0267,0.1912,0.2639,0.1837
"PE(16:0_22:6) (2)",0,0.6945,0.9961,1,1,1
"PE(16:0p_20:4)",0,0.8393,0.2735,1,0.4525,0.6569
"PE(16:0p_22:5)",0,0.2762,0.9774,1,1,1
"PE(16:1_22:6) (1)",0,0.0048,0.0565,0.3046,0.9842,0.1837
"PE(16:1_22:6) (2)",0,0.3016,0.6921,1,1,1
"PE(16:1e_20:4)",0,0.8721,0.1509,1,0.3716,0.3589
"PE(16:1e_20:5)",0,0.9375,0.2916,1,0.5599,0.6002
"PE(16:1e_22:5)",0,0.8874,0.8056,1,1,1
"PE(16:1e_22:6)",0,0.4437,0.6751,0.9933,1,1
"PE(17:0_18:1)",0,0.0446,0.054,0.3324,1,0.145
"PE(17:0_20:5)",0,0.903,0.2089,0.5633,1,0.4638
"PE(17:0_22:5) (1)",0,0.7321,0.434,0.8039,0.6766,1
"PE(17:0_22:5) (2)",0,0.5347,0.626,1,0.8371,0.9446
"PE(17:0_22:6)",0,0.7918,0.6866,1,1,0.902
"PE(17:1_22:6)",0,0.5408,0.7499,1,1,1
"PE(18:0_18:1)",0,0.2563,0.0987,0.3188,0.3227,0.6882
"PE(18:0_18:3)",0,0.3032,0.1926,0.7202,1,0.3259
"PE(18:0_20:3)",0,0.3437,0.4111,1,0.5599,0.8799
"PE(18:0_20:5)",0,0.027,0.0722,0.3046,0.5099,0.3656
"PE(18:0_22:1)",0,0.5549,0.2385,0.6707,1,0.4273
"PE(18:0_22:4)",0,0.0491,0.3844,0.8936,1,0.571
"PE(18:0_22:5)",0,0.0512,0.2609,0.5851,0.8906,0.6536
"PE(18:0_22:6)",0,0.1399,0.2143,0.5277,0.837,0.6158
"PE(18:0p_20:4)",0,0.4901,0.6222,1,0.8893,0.8935
"PE(18:0p_22:5)",0,0.4189,0.626,1,1,0.8112
"PE(18:1_18:1)",0,0.0368,0.2148,0.5904,1,0.4318
"PE(18:1_18:2)",0,0.1925,0.1425,1,0.5146,0.2831
"PE(18:1_20:4)",0,0.4189,0.1577,0.565,1,0.2913
"PE(18:1_20:5)",0,0.8614,0.4553,0.8188,1,0.7555
"PE(18:1_22:1)",0,0.3196,0.1365,0.487,1,0.2831
"PE(18:1_22:6) (1)",0,0.2433,0.8905,1,1,1
"PE(18:1_22:6) (2)",0,0.5748,0.3425,0.7442,1,0.5909
"PE(18:1_24:1)",0,0.5561,0.0348,0.2535,0.798,0.1539
"PE(18:1e_20:4)",0,0.5554,0.9097,1,1,1
"PE(18:1e_22:5)",0,0.2382,0.5605,1,0.8486,0.8427
"PE(18:2_22:6)",0,0.0359,0.7126,1,1,0.896
"PE(18:2e_20:5)",0,0.9847,0.9879,1,1,1
"PE(18:3_20:5)",0,0.6491,0.2279,0.5407,0.8036,0.6571
"PE(18:3_22:5)",0,0.3446,0.2733,0.5972,0.873,0.6873
"PE(18:3_22:6)",0,0.2555,0.1619,0.4791,1,0.3766
"PE(18:3e_22:6)",0,0.1782,0.2935,0.7057,0.4469,1
"PE(18:4_22:6)",0,0.6266,0.7497,1,1,0.902
"PE(19:0_22:5)",0,0.7347,0.0582,1,0.1648,0.207
"PE(19:0_22:6)",0,0.1214,0.4911,0.8193,0.837,0.9947
"PE(19:1_22:6)",0,0.6551,0.5582,0.8788,0.9394,0.9687
"PE(20:0_22:5)",0,0.5784,0.434,1,0.6783,0.7961
"PE(20:0_22:6)",0,0.7641,0.0224,0.3046,0.0273,0.8189
"PE(20:1_18:1)",0,0.3664,0.46,0.8193,1,0.7571
"PE(20:1_18:2)",0,0.2836,0.8823,1,1,1
"PE(20:1_20:4)",0,0.01,0.4816,0.8039,0.8958,0.9201
"PE(20:1_22:5)",0,0.2061,0.4717,0.9121,0.6491,1
"PE(20:1_22:6)",0,0.8523,0.0567,1,0.1191,0.2257
"PE(20:1e_22:6)",0,0.3414,0.1641,1,0.2546,0.5829
"PE(20:2_22:6)",0,0.7577,0.2477,1,0.7497,0.4173
"PE(20:3_22:6)",0,0.7293,0.5546,0.8911,0.8615,1
"PE(20:4_22:6)",0,0.7052,0.6011,0.956,0.8425,1
"PE(20:5_18:2)",0,0.2658,0.4547,0.8142,0.724,1
"PE(20:5_22:6)",0,0.4913,0.8332,1,1,0.9971
"PE(22:1_18:2)",0,0.1387,0.5605,1,1,0.774
"PE(22:5_22:6)",0,0.4533,0.7126,1,1,0.9022
"PE(22:6_22:6)",0,0.3053,0.8556,1,1,1
"PE(24:1_18:2)",0,0.109,0.1337,0.9385,0.7046,0.2371
"PE(40:7e)",0,0.027,0.0854,1,0.1475,0.3647
"PG(16:0_18:1)",0,0.7005,0.18,0.5364,0.3138,1
"PG(16:0_18:2)",0,0.6054,0.2733,0.5904,0.7786,0.78
"PG(16:0_20:2)",0,0.4217,0.1787,0.7057,1,0.3017
"PG(16:0_20:3)",0,0.5414,0.647,0.9699,1,0.9687
"PG(18:0_18:1)",0,0.0517,0.1577,1,0.2553,0.5048
"PG(18:0_18:2)",0,0.0991,0.4191,1,0.6011,0.8427
"PG(18:1_22:6)",0,0.9976,0.4111,0.7357,0.837,0.896
"PG(18:2_18:2)",0,0.8777,0.2733,1,0.4025,0.739
"PG(18:2_22:6)",0,0.2985,0.0216,0.2535,0.0273,1
"PG(18:3_18:2)",0,0.6209,0.1793,0.5575,0.2867,1
"PG(18:3_22:6)",0,0.8054,0.0399,0.565,0.0536,0.6484
"PG(20:0_22:5)",0,0.582,0.1232,1,0.1989,0.4705
"PG(20:0_22:6)",0,0.4153,0.1892,0.8475,0.237,0.9386
"PG(20:2_22:6)",0,0.7577,0.6814,1,0.9842,0.8986
"PG(20:3_22:6)",0,0.7768,0.4149,1,0.9226,0.62
"PG(22:5_22:5)",0,0.6139,0.458,0.8898,1,0.6873
"PG(22:5_22:6) (1)",0,0.2219,0.5029,0.8193,0.9346,0.9201
"PG(22:5_22:6) (2)",0,0.8023,0.4232,0.8304,1,0.6569
"PG(22:6_22:6)",0,0.3053,0.3421,0.6715,0.7785,0.8754
"PG(30:0e)",0,0.57,0.0891,0.8304,0.1152,0.6907
"PG(30:1)",0,0.3871,0.4902,1,0.6338,1
"PG(32:0)",0,0.0228,0.1584,1,0.2617,0.4956
"PG(32:0e)",0,0.36,0.0418,0.3046,0.0639,1
"PG(32:1)",0,0.0252,0.1095,0.6709,0.1325,0.9603
"PG(32:1e)",0,0.0021,0.0444,1,0.1092,0.1813
"PG(32:2e)",0,0.3202,0.106,0.5546,0.1376,1
"PG(34:1)",0,0.0113,0.9422,1,1,1
"PG(37:2)",0,0.1387,0.0133,0.3046,0.0126,0.3632
"PI(15:0_22:5)",0,0.5554,0.3725,0.7057,0.7549,0.9201
"PI(16:0_18:2)",0,0.7347,0.0461,0.3188,1,0.1354
"PI(16:0_20:4)",0,0.2522,0.0775,0.4632,1,0.1837
"PI(16:0_20:5)",0,0.4153,0.5275,0.8911,1,0.8112
"PI(16:0_22:6)",0,0.6536,0.0348,0.764,0.2769,0.1171
"PI(17:0_20:4)",0,0.104,0.0274,0.2535,0.9842,0.1171
"PI(17:0_22:6)",0,0.3461,0.0192,0.3951,0.2322,0.1171
"PI(18:0_18:2)",0,0.4217,0.1187,0.6715,1,0.2116
"PI(18:0_20:4)",0,0.3355,0.0976,0.3206,0.8036,0.3259
"PI(18:0_20:5)",0,0.3314,0.1879,0.4796,0.8186,0.5559
"PI(18:0_22:5)",0,0.5207,0.2733,0.7442,1,0.4343
"PI(18:0_22:6)",0,0.6826,0.1693,0.6718,1,0.2904
"PI(18:1_20:4)",0,0.0301,0.0488,0.4669,0.8906,0.1354
"PI(18:1_22:6)",0,0.635,0.0565,0.6425,0.6793,0.145
"PI(18:2_20:4)",0,0.2585,0.6239,1,1,0.8156
"PI(18:2_22:6)",0,0.5281,0.2059,0.9987,0.83,0.3495
"PI(18:3_20:4)",0,0.3196,0.6083,1,0.8643,0.892
"PI(18:3_20:5)",0,0.764,0.4692,1,0.8582,0.7076
"PI(18:3_22:6)",0,0.2853,0.0998,0.9448,0.5723,0.207
"PI(19:0_20:4)",0,0.3079,0.1164,0.3563,0.9041,0.3259
"PI(19:0_20:5)",0,0.377,0.1401,0.3951,0.8582,0.3898
"PI(20:0_20:4)",0,0.582,0.0969,0.3188,0.6763,0.3701
"PI(20:1_20:4)",0,0.3688,0.1512,0.412,0.7941,0.4683
"PI(20:1_20:5)",0,0.7723,0.1379,0.3951,0.3138,0.8678
"PI(20:3_20:4)",0,0.0855,0.136,0.4791,1,0.2879
"PI(20:3_20:5)",0,0.4261,0.7212,1,0.9509,1
"PI(22:5_20:4)",0,0.8263,0.2662,0.7635,0.3475,1
"PI(36:5)",0,0.2658,0.1963,0.6295,1,0.3632
"PS(16:0_22:6)",0,0.0928,0.0582,0.3046,0.9927,0.1939
"PS(16:1e_20:4)",0,0.8261,0.9,1,1,1
"PS(16:1e_22:6)",0,0.9832,0.687,1,1,0.8678
"PS(18:0_22:6) (1)",0,0.0354,0.0274,0.2433,0.6779,0.1354
"PS(18:0_22:6) (2)",0,0.3196,0.3518,1,0.4525,0.9201
"PS(18:1e_20:4)",0,0.3723,0.613,0.9929,1,0.8427
"PS(18:1e_20:5)",0,0.7996,0.8655,1,1,1
"PS(18:1e_22:5)",0,0.8256,0.3371,0.9022,1,0.4925
"PS(18:1e_22:6)",0,0.8519,0.2279,0.829,1,0.3632
"PS(18:2e_22:6)",0,0.441,0.5237,0.9183,1,0.78
"PS(18:3e_22:6)",0,0.3454,0.8211,1,1,0.9601
"PS(20:1_22:6)",0,0.1865,0.0595,0.514,0.0844,0.948
"PS(20:2e_22:6)",0,0.9375,0.1886,0.565,0.3083,1
"PS(20:4e_22:6)",0,0.2796,0.8541,1,1,1
"PS(36:6e)",0,0.4807,0.422,0.7654,1,0.7347
"SM(d31:1)",0,0.7959,0.4331,0.8944,0.5865,1
"SM(d32:1)",0,0.3931,0.4752,0.8193,0.773,1
"SM(d33:1) (1)",0,0.4745,0.1793,0.4669,0.7549,0.5945
"SM(d33:1) (2)",0,0.7545,0.2599,0.6298,0.4525,1
"SM(d34:1)",0,0.3281,0.1036,0.3374,0.2441,0.8659
"SM(d35:1)",0,0.4361,0.0216,0.1369,0.143,0.1939
"SM(d36:1)",0,0.0966,0.0945,0.3107,0.4503,0.494
"SM(d37:1)",0,0.8117,0.0813,0.3188,0.1655,0.9365
"SM(d37:3)",0,0.022,0.0363,0.3454,0.9394,0.1171
"SM(d38:1)",0,0.7027,0.8597,1,1,1
"SM(d38:2)",0,0.7641,0.0582,0.9799,0.0894,0.4049
"SM(d39:1)",0,0.8614,0.0522,0.3046,0.0844,1
"SM(d39:2)",0,0.9735,0.0947,0.3749,0.1538,1
"SM(d40:1)",0,0.8614,0.2501,0.6709,0.3758,1
"SM(d40:2) (1)",0,0.4438,0.1495,0.6298,0.193,1
"SM(d40:2) (2)",0,0.196,0.4718,0.9271,0.6423,1
"SM(d40:3)",0,0.4189,0.2222,1,0.3383,0.6706
"SM(d41:1)",0,0.0592,0.0348,0.2535,0.1057,0.5734
"SM(d41:2) (1)",0,0.3866,0.1492,0.565,0.2037,1
"SM(d41:2) (2)",0,0.2535,0.3112,0.9385,1,0.4581
"SM(d42:1)",0,0.2658,0.0726,0.3046,0.2525,0.6536
"SM(d42:2) (1)",0,0.5163,0.1426,1,0.2322,0.4886
"SM(d42:2) (2)",0,0.0091,0.8612,1,1,1
"SM(d42:3)",0,0.9735,0.1916,0.8039,1,0.315
"SM(d42:4)",0,0.0127,0.3257,1,0.4329,0.8678
"SM(d43:1)",0,0.0325,0.0192,0.1369,0.6883,0.1171
"SM(d43:2) (1)",0,0.523,0.5369,0.9121,0.7892,1
"SM(d43:2) (2)",0,0.3027,0.5646,0.9271,0.83,1
"SM(d43:4)",0,0.1455,0.2599,0.5851,0.5878,0.8935
"SM(d44:1)",0,0.3324,0.2935,0.6235,0.8036,0.7853
"SM(d44:2) (1)",0,0.0124,0.4835,0.8304,0.7769,1
"SM(d44:2) (2)",0,0.0176,0.2666,1,0.7046,0.4581
"SM(t32:1)",0,0.0374,0.1495,0.6715,1,0.2552
"SM(t33:2)",0,0.9688,0.2382,1,0.3123,0.8643
"SM(t38:1)",0,0.3751,0.0258,0.1912,0.2867,0.1742
"SM(t39:1)",0,0.7778,0.0949,0.3188,0.2383,0.8329
"SM(t40:1)",0,0.9285,0.079,0.3266,0.1431,0.9995
"SM(t40:2)",0,0.062,0.4115,0.7895,0.6287,1
"SM(t41:1)",0,0.2658,0.2923,1,0.5124,0.6452
"SM(t42:2)",0,0.4651,0.1587,1,0.2322,0.62
"SPH(d16:1)",0,0.121,0.3573,1,0.525,0.8061
"SPH(d18:1)",0,0.0573,0.0343,0.8881,0.2031,0.1171
"SPH(d19:1)",0,0.7996,0.1617,0.6709,1,0.2831
"SPH(d20:0)",0,0.7936,0.4318,1,1,0.62
"SPH(d22:0)",0,0.8179,0.4273,0.7464,0.7941,0.9687
"SPH(d22:1)",0,0.2949,0.122,0.5173,0.1664,1
"SPH(d22:2)",0,0.5156,0.1406,0.5123,1,0.2831
"TG(10:0_11:2_18:2)",0,0.3957,0.0124,0.7442,0.0126,0.1171
"TG(11:0_6:0_6:0)",0,0.0114,0.0124,0.7442,0.0126,0.1171
"TG(14:0_18:2_18:2)",0,0.0116,0.0388,1,0.0809,0.1986
"TG(14:0_18:2_18:3)",0,0.0083,0.0634,1,0.1244,0.2904
"TG(14:0_18:3_18:3)",0,0.022,0.03,0.4061,0.0354,0.692
"TG(14:0_20:5_22:6)",0,0.2643,0.0575,0.9933,0.0876,0.3741
"TG(14:0_22:6_22:6)",0,0.0117,0.0495,0.8235,0.0776,0.4285
"TG(15:0_14:0_16:0)",0,1e-04,0.0216,0.876,0.108,0.1171
"TG(15:0_14:0_16:1)",0,2e-04,0.0369,1,0.1172,0.145
"TG(15:0_14:0_18:2)",0,0.0048,0.0224,1,0.0542,0.1259
"TG(15:0_14:0_18:3)",0,0.0046,0.0124,0.3188,0.0126,0.2166
"TG(15:0_16:0_16:0)",0,0.0025,0.0343,1,0.0946,0.145
"TG(15:0_16:0_16:1)",0,0.0019,0.0301,1,0.0782,0.145
"TG(15:0_16:0_18:1)",0,0.0052,0.0339,1,0.0814,0.1564
"TG(15:0_16:0_18:2)",0,0.0082,0.0348,1,0.0784,0.1798
"TG(15:0_16:0_18:3)",0,0.0046,0.0233,1,0.0503,0.145
"TG(15:0_16:1_18:1)",0,0.0023,0.0741,1,0.2258,0.2208
"TG(15:0_16:1_18:3)",0,0.0051,0.0582,0.7233,0.0815,0.6536
"TG(15:0_18:1_18:2)",0,0.0055,0.0391,1,0.0817,0.1986
"TG(15:0_18:2_18:2)",0,0.0072,0.0475,1,0.0933,0.2116
"TG(15:0_18:2_18:3)",0,0.0076,0.0247,1,0.0471,0.1702
"TG(15:0_18:2_22:5)",0,0.0281,0.0202,0.3069,0.02,0.6012
"TG(15:0_18:3_18:3)",0,0.0114,0.2959,1,0.5891,0.5889
"TG(15:0_18:3_22:5)",0,0.288,0.0202,1,0.0439,0.1171
"TG(15:0_22:5_22:6)",0,0.0329,0.0224,0.3111,0.0269,0.7155
"TG(15:0_22:6_22:6)",0,0.0064,0.0233,0.3046,0.028,0.8986
"TG(15:0_6:0_6:0)",0,0.1766,0.206,1,0.398,0.4956
"TG(16:0_12:0_14:0)",0,0.5194,0.0703,0.495,1,0.174
"TG(16:0_13:0_14:0)",0,0.5194,0.0262,0.9448,0.1275,0.1171
"TG(16:0_14:0_14:0)",0,0.001,0.0202,0.7091,0.1191,0.1171
"TG(16:0_14:0_16:0)",0,0.0021,0.0348,1,0.129,0.1354
"TG(16:0_14:0_18:1)",0,0.0055,0.0438,1,0.1138,0.1747
"TG(16:0_14:0_18:2)",0,0.0052,0.0348,1,0.0814,0.174
"TG(16:0_14:0_18:3)",0,0.0079,0.0348,1,0.0635,0.2116
"TG(16:0_16:0_16:0)",0,0.004,0.0454,1,0.143,0.1702
"TG(16:0_16:0_17:0)",0,0.0031,0.0395,1,0.0946,0.1747
"TG(16:0_16:0_18:1)",0,0.0096,0.0488,1,0.1082,0.2012
"TG(16:0_16:0_18:2)",0,0.009,0.0451,1,0.0923,0.2036
"TG(16:0_16:1_18:2)",0,0.0116,0.0437,1,0.0891,0.2012
"TG(16:0_17:0_20:1)",0,0.003,0.0267,1,0.0592,0.1539
"TG(16:0_17:1_18:1)",0,0.0063,0.0329,1,0.0784,0.1568
"TG(16:0_18:1_18:1)",0,0.0097,0.054,1,0.1138,0.2116
"TG(16:0_18:1_18:2)",0,0.0112,0.0562,1,0.1088,0.2305
"TG(16:0_18:1_21:0)",0,0.001,0.0194,0.9422,0.0266,0.145
"TG(16:0_18:1_22:0)",0,0.0021,0.0224,0.9448,0.0339,0.1813
"TG(16:0_18:1_23:0)",0,3e-04,0.0716,0.8355,0.0996,0.62
"TG(16:0_18:1_24:0)",0,0.001,0.0582,0.6295,0.0817,0.7997
"TG(16:0_18:2_18:2)",0,0.0138,0.0582,1,0.1271,0.2452
"TG(16:0_18:2_18:3)",0,0.0098,0.0565,1,0.1138,0.2272
"TG(16:0_22:1_23:0)",0,6e-04,0.0444,1,0.0782,0.2831
"TG(16:0_22:1_24:1)",0,0.0027,0.1886,1,0.2509,0.7871
"TG(16:0_22:5_22:5)",0,0.0103,0.0676,0.6362,0.0891,0.8427
"TG(16:0_22:5_22:6)",0,0.0752,0.0224,0.3046,0.0273,0.8659
"TG(16:0_22:6_22:6)",0,0.017,0.0384,0.6715,0.0536,0.4646
"TG(16:0_22:6_24:1)",0,0.0086,0.0192,0.2784,0.0183,0.8061
"TG(16:1_14:0_18:3)",0,0.0245,0.5293,1,1,0.7155
"TG(16:1_18:2_18:3)",0,0.0086,0.0582,1,0.1223,0.2552
"TG(16:1_18:3_18:3)",0,0.0201,0.0567,0.7357,0.0793,0.6078
"TG(17:0_18:1_18:1)",0,0.0052,0.0296,1,0.0578,0.1759
"TG(17:0_18:1_18:2)",0,0.0055,0.0252,1,0.0439,0.1813
"TG(17:0_18:1_22:1)",0,0.0016,0.0195,1,0.028,0.1354
"TG(17:0_18:1_22:5)",0,0.0096,0.0202,0.3046,0.02,0.6873
"TG(17:0_18:1_24:1)",0,0.0014,0.0133,0.2784,0.0126,0.5077
"TG(17:0_18:2_18:2)",0,0.0059,0.0391,1,0.0817,0.1986
"TG(17:0_18:2_18:3)",0,0.0089,0.061,1,0.1057,0.3632
"TG(17:0_18:2_22:1)",0,0.0065,0.0346,1,0.0618,0.2116
"TG(17:0_18:2_22:5)",0,0.0489,0.0559,0.565,0.0776,0.8112
"TG(17:0_18:3_20:3)",0,0.0072,0.031,0.9542,0.049,0.2208
"TG(17:0_20:1_24:1)",0,0.0011,0.056,0.6715,0.0782,0.6536
"TG(17:0_22:1_24:1)",0,0.2653,0.0582,1,0.143,0.2116
"TG(18:0_16:0_16:0)",0,0.003,0.0524,1,0.1599,0.1758
"TG(18:0_16:0_17:0)",0,0.0025,0.024,1,0.051,0.145
"TG(18:0_16:0_17:1)",0,0.0075,0.0342,1,0.0776,0.1731
"TG(18:0_16:0_18:0)",0,0.0021,0.035,1,0.1138,0.145
"TG(18:0_16:0_18:1)",0,0.0079,0.0416,1,0.0854,0.1986
"TG(18:0_16:0_22:0)",0,2e-04,0.0348,1,0.0887,0.1568
"TG(18:0_16:0_22:6)",0,0.1398,0.1182,1,0.2311,0.3692
"TG(18:0_16:0_23:0)",0,2e-04,0.0195,1,0.0534,0.1171
"TG(18:0_16:0_24:0)",0,2e-04,0.0224,1,0.077,0.1171
"TG(18:0_17:0_20:0)",0,2e-04,0.0216,1,0.059,0.1171
"TG(18:0_17:0_24:1)",0,3e-04,0.1218,1,0.2477,0.3632
"TG(18:0_18:0_18:0)",0,6e-04,0.0252,1,0.0844,0.1171
"TG(18:0_18:1_20:1)",0,0.0046,0.024,1,0.0429,0.174
"TG(18:0_20:1_22:5)",0,0.0722,0.035,0.9542,0.0592,0.2668
"TG(18:0_22:1_22:5)",0,0.0076,0.0595,0.6425,0.0839,0.7871
"TG(18:0_22:6_24:1)",0,0.0051,0.0582,0.6462,0.0814,0.7605
"TG(18:1_18:1_18:1)",0,0.0063,0.0567,1,0.119,0.2257
"TG(18:1_18:1_18:2)",0,0.0079,0.0582,1,0.1301,0.2371
"TG(18:1_18:1_22:5)",0,0.0149,0.0343,0.8039,0.0492,0.315
"TG(18:1_18:1_24:0)",0,0.0016,0.0216,0.3107,0.026,0.7019
"TG(18:1_18:2_18:2)",0,0.0103,0.0576,1,0.1175,0.2371
"TG(18:1_18:2_22:0)",0,0.0048,0.0216,0.9833,0.0325,0.1731
"TG(18:1_18:2_22:1)",0,0.0041,0.0567,0.6709,0.0784,0.692
"TG(18:1_18:2_22:5)",0,0.0151,0.0595,1,0.1092,0.3222
"TG(18:1_18:2_22:6)",0,0.0116,0.0582,1,0.0998,0.3568
"TG(18:1_18:2_23:0)",0,0.004,0.0775,0.8175,0.1045,0.6576
"TG(18:1_18:2_24:0)",0,0.003,0.0216,0.3111,0.026,0.6818
"TG(18:1_18:2_24:1)",0,0.0035,0.0192,0.3046,0.0168,0.6294
"TG(18:1_18:3_20:3)",0,0.0066,0.0715,1,0.1143,0.4049
"TG(18:1_22:1_22:5)",0,0.0055,0.0262,0.3454,0.0307,0.7249
"TG(18:1_22:1_22:6)",0,0.0098,0.0192,0.2784,0.0168,0.7871
"TG(18:1_22:1_24:1)",0,0.3196,0.0469,1,0.0793,0.2904
"TG(18:1_22:5_22:6)",0,0.0097,0,6e-04,0,0.2278
"TG(18:1_22:5_24:0)",0,0.01,0.4243,1,0.5481,0.99
"TG(18:1_22:5_24:1)",0,0.0052,0.1484,1,0.2127,0.6231
"TG(18:1_22:6_22:6)",0,0.0138,0.0775,0.6298,0.0996,0.8935
"TG(18:1_22:6_24:1)",0,0.0085,0.0576,0.8986,0.0844,0.448
"TG(18:2_18:2_18:2)",0,0.011,0.0699,1,0.1517,0.2729
"TG(18:2_18:2_23:0)",0,0.0149,0.0267,0.935,0.0429,0.2092
"TG(18:2_20:4_22:6)",0,0.015,0.0346,0.3046,0.0474,1
"TG(18:2_22:6_22:6)",0,0.0167,0.0202,0.3655,0.02,0.4098
"TG(18:3_14:2_18:2)",0,0.0744,0.0999,0.7654,0.7847,0.2012
"TG(18:3_14:4_20:2)",0,0.0138,0.0418,1,0.1827,0.145
"TG(18:3_17:1_18:2)",0,0.0051,0.1215,1,0.2378,0.3694
"TG(18:3_17:1_18:3)",0,0.015,0.0224,0.3749,0.0273,0.5466
"TG(18:3_18:2_18:2)",0,0.0142,0.0486,1,0.0962,0.2116
"TG(18:3_18:2_18:3)",0,0.015,0.0475,1,0.0855,0.2428
"TG(18:3_18:2_20:3)",0,0.1581,0.0511,1,0.085,0.2879
"TG(18:3_18:2_20:4)",0,0.0047,0.0201,0.3046,0.02,0.7557
"TG(18:3_18:2_21:0)",0,0.0079,0.0715,1,0.1981,0.2278
"TG(18:3_18:2_22:1)",0,0.1106,0.0567,0.5716,0.0782,0.816
"TG(18:3_18:2_22:5)",0,0.012,0.0861,0.7057,0.1092,0.8427
"TG(18:3_18:2_23:0)",0,0.0147,0.054,1,0.1989,0.1731
"TG(18:3_18:3_20:4)",0,0.0573,0.0599,0.6592,0.0844,0.7803
"TG(18:3_18:3_20:5)",0,0.0552,0.05,1,0.0814,0.315
"TG(18:3_18:3_22:6)",0,0.032,0.2185,1,0.2933,0.8112
"TG(18:3_20:4_22:6)",0,0.0397,0.0325,0.3454,0.0395,0.8329
"TG(18:3_20:5_22:6)",0,0.0438,0.0582,0.6425,0.0817,0.78
"TG(18:3_22:5_22:6)",0,0.0194,0.0133,0.3218,0.0126,0.2452
"TG(18:3_22:6_22:6)",0,0.0231,0.0418,1,0.086,0.1986
"TG(18:4_14:0_18:3)",0,0.0021,0.0434,0.764,0.3535,0.1354
"TG(18:4_15:0_16:1)",0,0.0019,0.0634,0.7654,0.5692,0.1702
"TG(18:4_15:0_18:3)",0,0.0051,0.0974,1,0.2546,0.2771
"TG(18:4_16:1_18:3)",0,0.0079,0.0124,0.8745,0.0126,0.1171
"TG(18:4_17:1_18:3)",0,0.1889,0.02,1,0.0429,0.1171
"TG(18:4_18:3_18:3)",0,0.2853,0.1588,1,0.2252,0.6608
"TG(18:4_18:3_20:5)",0,0.0051,0.1865,0.8642,0.2324,0.9201
"TG(18:4_18:3_22:6)",0,0.0079,0.0935,0.7357,0.1152,0.8273
"TG(19:1_18:0_18:1)",0,0.0025,0.0205,0.9699,0.028,0.1564
"TG(19:1_18:1_18:1)",0,0.003,0.0216,0.8643,0.0301,0.1939
"TG(19:1_18:1_18:2)",0,0.0046,0.0224,1,0.0381,0.1702
"TG(19:1_18:2_18:2)",0,0.0047,0.0343,0.9448,0.0542,0.2509
"TG(20:0_16:0_17:0)",0,5e-04,0.0224,1,0.051,0.1354
"TG(20:0_16:0_18:1)",0,0.0039,0.0303,1,0.0625,0.1735
"TG(20:0_16:0_18:2)",0,0.0058,0.0458,1,0.0876,0.2116
"TG(20:0_18:1_18:2)",0,0.0051,0.0346,1,0.0653,0.2063
"TG(20:0_18:1_20:1)",0,0.0027,0.0565,0.6324,0.0782,0.7297
"TG(20:1_18:1_18:2)",0,0.0043,0.0367,1,0.0776,0.2063
"TG(20:1_18:1_18:3)",0,0.0064,0.0389,1,0.077,0.2271
"TG(20:1_18:1_22:5)",0,0.0068,0.0216,0.3046,0.026,0.7659
"TG(20:1_18:1_22:6)",0,0.0058,0.0292,0.7442,0.0412,0.2904
"TG(20:1_18:1_24:1)",0,0.0017,0.0124,0.3161,0.0126,0.2019
"TG(22:1_17:1_18:2)",0,0.0157,0.0192,1,0.0325,0.1171
"TG(22:1_18:2_18:2)",0,0.0051,0.0576,0.7357,0.0809,0.6231
"TG(22:5_18:2_18:2)",0,0.0148,0.0813,0.6898,0.1045,0.8329
"TG(22:5_18:2_22:6)",0,0.022,0.0334,0.3046,0.0452,1
"TG(24:1_18:2_18:2)",0,0.0051,0.0134,0.268,0.0126,0.62
"TG(24:1_18:2_22:1)",0,0.0044,0.1214,1,0.1866,0.4919
"TG(25:0_18:1_18:2)",0,0.0021,6e-04,0.0317,4e-04,0.1986
"TG(25:0_18:2_20:1)",0,0.1736,0.0431,1,0.0782,0.2552
"TG(25:1)",0,0.0372,0.0124,0.7483,0.0129,0.1205
"TG(25:1_18:1_18:2)",0,0.0058,2e-04,0.0088,2e-04,0.2012
"TG(26:0_16:0_18:1)",0,0.0198,0.0492,0.9915,0.0793,0.3383
"TG(26:0_18:2_18:3)",0,0.003,0.0565,0.6739,0.0782,0.6569
"TG(26:1_18:1_18:2)",0,0.003,0.0124,0.3321,0.0126,0.1813
"TG(26:1_18:2_18:2)",0,0.003,0.162,0.7135,0.2037,1
"TG(27:1)",0,0.0215,0.1513,1,0.2834,0.4312
"TG(27:2)",0,0.0112,0.0133,0.3188,0.0126,0.2904
"TG(27:3)",0,0.0228,0.3736,1,0.6378,0.7063
"TG(29:1)",0,0.0079,0.0124,0.3046,0.0126,0.2598
"TG(29:2)",0,0.0075,0.0554,0.565,0.077,0.7965
"TG(30:0_18:2_18:2)",0,0.0316,0.0582,1,0.1431,0.2116
"TG(30:3)",0,0.1193,0.1571,1,0.2221,0.6536
"TG(4:0_6:0_14:0)",0,0.3252,0.0124,0.3046,0.0126,0.1986
"TG(46:7e)",0,0.4864,0.6146,1,0.8003,0.9854
"TG(6:0_6:0_13:0)",0,0.027,0.0195,1,0.0273,0.1385
"TG(6:0_6:0_6:0)",0,0.5918,0.0175,0.2535,0.0153,0.8645
