Metabolites (see Note below for Bold metabolites),4,5,6,11,12,13,14,18,19,20,25,26,27,31,32,33,38,39,40,41,45,46,47,52,53,54,55
(2-AMINOETHYL)PHOSPHONATE,401926.4207,497766.2252,1381051.288,3646196.83,1656633.195,1109914.202,916949.5129,401341.0999,2194239.632,3284098.642,1440148.289,947111.3696,2458290.135,546182.5587,0,0,0,0,0,0,0,0,0,0,0,487117.6559,1182078.915
"2',4'-DIHYDROXYACETOPHENONE",8140193.931,0,0,0,0,966263.4713,218878.7132,6709463.22,0,0,0,0,754326.3309,0,649923.1132,0,0,721185.929,0,214516.7844,0,0,908095.4785,0,0,0,664422.9748
2-Aminoadipic acid,4976949.194,6668192.126,5024421.426,0,630875.537,1088412.208,0,333599.2348,333734.9724,0,29197942.23,77293034.71,553424236.6,0,0,1275317.422,0,0,1449496.452,1692138.607,2467275.997,0,4148736.507,2585317.778,0,2142181.189,1381719.745
2'-Deoxyinosine,0,1936947.973,311414.2727,0,0,0,0,0,0,0,0,0,0,0,0,0,0,0,0,0,408278.0317,0,0,0,0,0,0
2-Hydroxyoctanoic acid,0,495554.1269,0,0,0,0,0,0,309004.7251,394320.1466,0,0,0,0,0,0,0,0,0,0,0,0,0,0,0,0,0
2-Ketobutyric acid,0,0,0,0,1736053.701,1860731.09,0,0,2026538.444,0,0,0,10703804.26,0,0,0,4627647.998,0,0,0,0,0,0,5031940.007,3298403.146,0,0
2-Methylhippuric acid,386411.6559,652098.2547,0,0,0,0,0,0,242262.708,0,0,0,0,0,0,0,0,0,0,0,0,0,0,829136.7615,0,0,0
2-PHOSPHOGLYCERATE,0,215364.8595,0,1225439.992,0,0,0,299549.5525,1598850.506,321457.2007,836168.9921,678823.0819,0,470337.5571,0,0,0,0,619375.7886,0,1704077.562,0,1071717.859,0,0,0,0
3-DEHYDROSHIKIMATE,3505935.164,596574.9976,2129434.647,3147253.177,291245.3925,3751009.211,609313.4521,2034924.015,620347.2018,2150561.331,0,4253540.262,3186922.244,1436291.067,0,0,1152095.306,2455032.797,1793035.188,452134.8349,1088897.891,1722671.546,1335905.547,1338000.815,0,0,335649.8322
3-HYDROXYBENZALDEHYDE,14166491.25,12668209.87,11040062.81,15655996.42,8535480.213,11842617.34,8916851.623,21322751.07,14146731.1,16929578.67,23962289.4,30775918.22,28482818.48,14155929.29,16978284.68,19394946.1,27567826.7,26737135.88,33139187.74,20815412.79,24074926.2,21065609.78,22645628.65,21739564.52,19463028,14682991.01,15498839.47
3-HYDROXYMETHYLGLUTARATE,151343046,120749145.2,169468764.6,193827484.3,156331656,188565883.6,108370645.3,130118559.6,187199222.4,43291800.98,5478593.181,25367740.88,8443878.093,110229412.9,29558097.82,7498010.591,19857492.66,45988624.53,55750946.4,217591414.3,107030017.3,142756612.2,154335566.8,324425824.1,160716578.5,114024889.2,108424155.6
3-Methylglutaconic acid,27701240.36,24749725.45,37553913.04,39972725.82,31516967.09,43353780.84,27161370.55,18409721.57,42995118.42,6510555.554,0,0,0,21308686.99,0,0,0,0,445928.2677,44582390.88,11981817.89,26882217.85,24959149.25,57994949.35,26900506.88,21729393.02,24137939.15
3-Methyl-L-histidine,27566636.79,24440741.76,25419637.31,51709667,24955073.99,47372610.51,14027009.15,38790284.16,69574384.16,55778886.74,71069132.43,127416722.2,138204570.2,17973584.54,18922078.47,24152140.06,80755055.08,67655272.85,72242632,7063467.586,24177095.8,11643274.94,7790236.927,6719341.509,16671196.85,12119629.08,9060079.95
3-SULFINOALANINE,1473115.242,1890434.755,820666.7619,2297922.388,7323187.549,11597891.79,3445008.166,1287654.469,1600795.903,315331.4618,0,4315497.636,1799098.239,0,736727.4146,0,2035708.335,731544.1397,2637924.81,8073599.047,3068483.227,0,2083305.296,3112227.825,2042535.717,31328163.48,11091390.11
4-PYRIDOXATE,744779.2912,0,871094.0866,0,0,0,286030.4024,0,0,0,0,0,0,0,0,0,0,0,0,0,0,0,0,0,0,0,0
6-Oxo-2-piperidinecarboxylic acid,222993.0934,695867.6671,2055601.687,498502.0269,942662.8813,1478832.668,0,0,823248.9665,576400.6721,8619722.291,34160301.59,195183158.8,386883.9452,0,1555850.876,2222392.306,0,1033899.121,0,423551.5214,481457.9376,0,770971.6045,0,379131.7092,260638.8748
6-PHOSPHOGLUCONATE,7028746.131,13294817.18,5902683.73,3113597.856,4832186.28,16177136.58,2300995.19,3568759.282,3034095.406,0,0,0,0,2585376.015,0,0,0,0,0,8592906.22,1115349.158,2751975.928,0,12146486.62,1361825.946,3037193.359,901984.1123
Acetic acid,170219364.3,136763821,135045047.1,152045800.5,178940785,127755351.3,128996395,185564637.8,130372492.7,179996588.5,301085547.5,284050239.3,133333134.1,175923380.6,277521483.7,198698741,255526235.8,276338752.5,244308354.4,201180824.9,189977577.5,246035545.1,302057131.3,401936512.7,233253955.7,253009576.9,182980565
ADENINE,65838735.61,127518579.8,163865324.8,66623248.33,98639089.83,117044827.6,147223656.3,67039385.61,83383109.29,79894671.52,92872252.95,298226946.7,220029710.2,70358301.81,53663815.89,64019533.65,113948142,65951242.63,71909520.38,93586527.59,84961739.64,68817567.8,91899104.47,68712942.9,102418973.9,88829072.86,95815768.38
ADENOSINE,5185479.208,15459763.05,22831080.86,5150527.862,8963777.393,18167674.94,23198967.67,6701627.733,8317288.558,6548676.007,3811644.151,37010271.82,18257343.2,3696726.083,638300.4036,561527.2265,5531633.813,497340.532,4344247.954,9935638.445,10084086.84,5543912.601,4785016.86,779059.5497,8397375.618,9604653.848,9760728.633
Adenosine 3'-monophosphate,75737707.52,15999128.36,91854423.21,30575831.43,75179751.13,145885308.2,59945607.45,29628666.27,54401860.66,35897419.66,160491068.2,386428408.5,242088992,216557373.7,113426869.6,46006138.4,146396883.7,255846801.6,239653697.5,394441589.9,383699062.8,191324037.1,295573704.1,67538823.59,238589860.5,395250302.6,268944910.2
ADENOSINE 5'-DIPHOSPHATE,2174483.034,0,3348126.536,2726495.131,3837494.932,3426805.811,263043.0204,0,4574706.32,3751025.718,1403000.694,32202634.03,16912360.9,11243592.15,2180341.769,1793053.24,4819939.209,15660108.72,21437498.54,12667006.89,25878834.46,4611606.629,10880279.3,0,4730163.104,9902025.032,5524340.499
Adenylosuccinic acid,0,0,1298191.127,0,0,0,0,0,681463.4362,0,0,1213244.1,824781.0863,1631830.563,0,0,1591964.638,1538244.948,579994.3832,0,1567404.286,1475751.052,0,0,1651528.033,1013917.24,1340698.026
Alanine,217984727,171055686.2,271358708.3,341332057.7,141488922.7,238431782.7,106117023,383283710.4,301596548.7,156825496.3,188078528,474046108.5,220514986.9,195974531.5,143640165.6,199314790.6,387105576.2,217844285.1,218315335.4,730581829.8,292793262,203226019.9,279693266.8,706676867.9,271923787.1,164396475.8,159146149.9
Allose,32969377.61,38338579.06,54653605.92,38554624.39,40429113.23,53224251.03,24834990.17,18897707.61,40326355.1,5940443.023,1078615.681,0,0,11145268.84,0,0,990295.6497,0,445213.4555,7679955.015,16441320.77,11689772.55,19607449.9,17374922.83,13450916.22,23301664.99,17745510.76
ALLOTHREONINE,99414563.54,139418626.7,237378333.2,316665477.9,215874164.9,397070368.1,102070854.6,133136570.9,1040766955,483596357.1,885466271.2,779495046.6,1955637495,124762457,372281506.7,849853250.7,1795790489,344774363.6,968993457.3,325994107.8,255781640.2,265903885.6,171559555.6,393106949.1,276248234.4,132456842.7,158645718.5
ALPHA-HYDROXYISOBUTYRATE,28352726.56,23702017.4,28185198.76,32007673.36,17017705.94,32262902.8,17510178.48,38176886.95,25837774.61,23378851.04,31311848.04,58975919.62,58256654.35,15582339.44,12667733.84,15098817.1,31624868.04,17111077.55,25536558.25,14026870.26,18893042.26,19248955.97,21879974.07,19157479.01,18996372.02,14742322.32,17682172.26
Alpha-Ketoglutaric acid,2167739.134,303837.9919,256115.3446,0,5315793.09,0,973947.6121,0,348407.8051,401962.9478,0,0,0,0,0,0,1823779.5,2415079.666,842847.5924,10437758.89,1099316.494,1187472.372,1211356.838,12438458.68,3857593.209,0,1418632.647
Arabitol,722666.3128,2583248.702,1688182.523,4764540.033,3172398.505,2485342.947,1802749.001,673647.4177,3861433.822,1472671.592,0,0,1123042.457,1626375.789,0,0,500936.9288,0,0,0,458393.1842,1075267.808,913527.0223,1904073.051,2911356.013,1316803.582,2025780.871
Arginine,31670469.61,16315793.86,55526244.08,33754240.34,21608748.31,49562930.51,12056011.47,72386182.58,66172324.9,27165574.55,1904766.672,29434508.76,16955491.29,24577022.32,23111810.06,26622579.84,189088206,98487577.41,35115319.5,645446358.3,35093041.82,20921198.74,40609909.21,423450380.9,17502806.69,17297092.25,19949963.48
ASCORBATE,196068338.7,85026382.86,17181789.6,50272391.75,0,290893.4567,2877451.02,325380651.7,38146278.56,82838776.96,0,79299173.21,591827.3583,26185712.47,1390046.696,0,25912162.41,0,570742.2046,0,31224034.85,0,0,0,0,0,0
ASPARAGINE,5561822.795,7522628.554,2827714.991,9469007.777,6383740.665,19883964.78,2877934.983,19751345.49,21865683.19,12315960.17,0,20738207.42,16441519.67,4132078.797,8567312.655,2608333.016,19036095.83,5278374.888,10604123,37847697.49,32643839.47,1093503.939,10180345.09,19709124.63,1998727.393,11424344.18,12207237.43
ASPARTATE,481554310.4,496509320.2,454578428.6,474771669.9,450505704.9,710808319.1,307485167.6,481911150.4,398458990,579579232.8,745010259.7,705076328.6,614018970.4,592582493,578034513.3,298533554.6,532237173.8,756138069.5,718782787,723763293.9,614609900.8,481664319.5,764904151.3,954569660.8,719546036,735021204.3,649902274.4
AZELATE,0,0,250934.1963,737209.5734,531648.9845,0,223389.7325,0,0,1454418.42,0,798226.9289,0,0,0,0,563189.087,0,0,421997.6686,0,4058949.614,0,0,0,0,0
BENZOATE,51860484.51,47594383.78,41518458.68,68907407.83,48877070.09,56554905.95,34113002.37,75570584.79,49502868.05,64638270.49,73110856.46,136061958.9,97762666.42,57056188.02,68190443.62,65299951.86,94954679.46,80281754.57,96631201.01,48899960.28,75061952.04,68751445.69,62364009.57,76747004.24,67991745.84,66509123.59,48043161.76
BETA-ALANINE,0,0,0,0,0,0,0,0,0,0,0,0,0,0,0,0,0,0,0,0,94849652.82,79947896.02,113951537.5,0,0,0,0
Beta-hydroxyisobutyrate,15096516.49,22313623.64,14922409.61,6745605.635,2373265.645,5044172.841,361457.3444,9225333.422,5657574.407,3105318.091,785985.4006,11756629.66,12760694.33,3530329.033,0,2428177.366,7470240.63,1162575.997,4618184.333,1282554.812,9660573.795,10390532.26,2870440.731,5026576.387,0,0,2170393.692
Beta-Hydroxyisovaleric acid,118478117.3,6434864.206,7037315.711,7228174.784,3088876.857,17709842.4,2565650.045,87974537.95,5834874.365,4527055.654,3853752.058,19595959.85,6771525.671,4974514.275,2907895.829,5241103.638,5249568.18,6824878.042,5434427.866,4773125.725,3690784.824,7075878.268,4659585.625,7826147.717,3600807.282,4673128.118,2897160.15
BETAINE,111128208.8,137543524.3,94328410.68,80798817.2,31043715.74,52447091.83,36444114.94,150465064.9,56088623.98,57329518.82,98198161.65,211500147.8,107133294.3,41639085.65,60696325.91,98913791.87,190327533.5,58425605.68,83042467.06,57327920.23,83545388.94,87305861.65,63507808.62,120547077.5,104537659.2,29904530.04,39908169.67
Betaine Hydrate,9931835.397,12533389.96,4650958.161,5552454.741,350937.9978,2870109.792,1095331.117,12546793.47,2445868.391,3498241.591,0,5957265.362,5939640.961,0,0,914432.9733,14941500.42,578955.8379,1044134.585,0,1245715.224,2321818.291,542306.1695,861890.8808,3798342.205,0,776641.6279
beta-Lactose,141884521.5,167108777.6,202285439.8,118423393.8,93263326.55,129557351.3,98654362.61,58786612.3,100839595.2,5410779.56,0,924544.9553,0,50058494.29,0,0,1922980.979,3510449.769,12975233.3,264987573.8,107442598,78065929.84,242365731.4,491502538.7,124111090.7,86018931.85,91255876.64
Choline glycerophosphate,0,0,0,0,322047.3848,315757.6693,0,0,0,0,0,0,0,0,0,0,0,703213.5877,0,0,0,0,0,0,0,0,0
CITICOLINE,406540.3761,314033.8857,0,335498.827,1151856.394,675978.9693,350647.5466,0,271506.9574,1559406.877,0,0,0,0,0,0,0,0,0,518102.4829,0,0,0,0,0,0,0
CITRULLINE,1019623.319,1703222.688,1038583.711,2666504.948,1266432.829,390927.2113,0,777464.0186,1192996.177,1220289.012,0,1806129.705,9008669.514,0,2104661.056,1417705.812,18083526.77,1061403.398,4621442.601,0,2126015.209,2004378.19,549339.8379,0,577959.1093,4614630.651,679339.2032
CREATINE,95593654.71,58477709.43,46810882.11,107244490,36757184.05,63750605.96,28162322.05,102710537.8,74204217.73,44827655.59,105518386.1,175001654.7,120778261.9,50025214.83,58142422.81,57746018.34,124186409.7,76221401.46,118559485.6,188104236.1,41453102.65,75773354.93,88905873.79,122058259,52795325.9,37510890.8,37759688.88
CREATININE,19918387.12,16287141.54,47941363.26,22726579,687217.9177,12681822.89,11492966.07,6006937.888,3170133.705,707848.6717,2015569.133,685371.5661,454289.5534,1183074.828,0,559516.1884,1031114.426,2554417.7,3707952.125,5657725.383,5425892.267,1571663.021,2953769.881,58041262.23,3306300.21,6069000.28,3683698.6
CYSTATHIONINE,2511494.927,36053931.7,63208157.41,8765800.815,20815596.92,16987492.59,10829509.76,457895.3967,29944714.18,9029709.913,19221162.43,54037526.04,515539656.2,8176057.324,3559164.244,29627285.93,181202932.2,2090438.475,16616452.18,1208230.715,19063286.86,25044202.95,8697120.915,116412924.3,51055687.67,7552020.704,48668894.01
CYTIDINE MONOPHOSPHATE,7320713.393,3167681.141,3773952.666,3083647.548,3366909.199,9135457.875,3361595.812,1823660.649,5343497.601,5627876.275,4630301.74,13090186.91,9546860.851,7058644.439,871411.5379,1579842.644,8903578.263,6869507.697,8657786.904,7072520.063,4552350.878,4430011.371,0,2726610.888,5567703.202,4769779.412,6073779.786
D-Chiro-Inositol,41835794.89,55134814.74,66574272.68,34896432.56,30119806.91,33315048.29,27845573.7,15462183.8,34658053.74,0,0,0,0,7487012.123,0,0,0,0,0,81766502.17,24529003.95,17250127.82,56843784.69,127123803.6,29651122.9,17094361.33,25138672.07
D-Erythrose,5018943.636,9936539.2,9003282.701,17035152.42,1955633.679,15343699.87,3315793.47,7901159.772,36593980.13,18129904.66,16906023.59,26835179.22,51683009.98,4668788.081,3519988.177,5488379.424,40448385.16,5812527.133,18468344.8,3329211.887,6646500.269,4661087.557,2536947.723,0,4223775.28,1882345.686,3153929.219
DETHIOBIOTIN,0,0,0,0,0,262649.5985,0,1430323.644,528504.5466,0,0,0,0,0,0,0,1403197.039,0,0,2963570.722,0,0,0,3828053.696,0,0,0
Diethyl malonate,0,0,253712.0629,0,0,0,0,0,0,0,0,0,0,626314.6754,675671.4705,0,594208.3938,545736.0329,0,0,0,0,0,0,0,0,0
Dihydroxyacetone,0,0,0,0,0,0,0,0,0,0,198466630,0,0,0,190849490.3,229540251.8,0,0,0,0,0,0,0,395413965.4,0,0,0
DIHYDROXYACETONE PHOSPHATE,256211.0352,6044264.971,4689507.675,881141.8861,320783.9704,4622719.729,1684939.944,1302651.986,7208827.838,333242.0308,0,0,0,776183.7528,0,0,0,0,0,0,1118703.487,0,0,0,1224574.985,543898.6135,646150.5302
Dodecyl sulfate,14595643.91,9429235.454,10974939.56,10904297.04,23413278.86,1421284.495,9213734.782,2079237.509,9045976.316,9461543.079,14563116.49,10826134.95,20585995.43,32320214.71,13122508.09,17114366.04,8179112.048,9791495.065,3481183.747,28013495.69,0,6609874.077,8065076.507,16381471.1,7163183.015,3058458.531,6035443.719
D-RIBOSE 5-PHOSPHATE,11397640.37,17347376.87,13152528.65,10243563.69,6611014.687,24764732.33,6559723.111,5995365.994,13474529.82,2305795.212,0,1558500.018,2366126.221,3824025.534,0,0,0,0,523302.5806,4540898.083,3927588.557,2805918.165,6946521.975,1265880.837,554424.7115,5864223.45,7402937.563
D-Sedoheptulose,2051722.69,2392092.729,3747093.105,2645446.34,3891776.378,3483818.629,914854.7855,0,3482707.105,655781.8713,0,767952.9939,0,0,0,0,0,0,568062.0802,440257.9161,1119903.576,0,0,0,752868.8323,1432794.001,1497108.863
Ectoine,4281816.872,517592.044,1639397.588,0,0,13943434.58,191597.2187,7173708.299,0,993097.1221,0,9239865.793,4259134.745,0,0,0,0,0,631223.5998,0,0,0,0,0,0,0,0
Fructose,14646716.26,14124027.51,13142805.47,15127910.6,12527607.82,18477706.79,11673668.04,13498154.19,14843057.52,10265568.62,738633.0814,9572431.074,2438565.688,4352238.541,3003629.732,1982278.558,2868794.064,6794479.97,1476169.629,4482267.679,4888610.543,8599070.248,2273426.839,10749655.64,9078252.678,8709683.804,4647295.067
FRUCTOSE BISPHOSPHATE,6182402.874,3887721.877,12457157.95,18580933.65,2921186.337,20824058.78,2044026.726,1922834.493,12016392.59,1503375.331,0,0,0,6728816.041,0,0,0,0,0,6505342.421,1907458.132,7946057.081,3021314.341,1328276.933,11284799.72,7552473.656,5847452.687
Fumaric acid,98605812.64,102767371.4,116757747.2,101108558.7,98048187.55,98251803,58449893.53,120735420.4,115225725.6,136787596.7,51825466.49,135925792.2,89784046.44,122112030.4,99225766.54,109501579.1,151734649.8,136674565.7,138605677.9,147801178.5,124790401.9,125513285.8,104963544.7,246239793,133075259.1,92078120.35,82015075.7
Galactonate,23580077.4,25891650.99,38763622.92,33920758.04,24527350.14,37023495.03,25575046.19,30509075.16,30381745.44,30989148.89,16913959.52,47315433.94,26164822.45,42634069.15,16467848.61,10417506.93,29457786.68,37776993.92,41856049.47,37744036.72,39220846.93,28642282.98,30020218.67,80651636.85,36844002.65,50960813.68,29341456.8
GAMMA-AMINOBUTYRATE,44197863.25,30179833.6,39804330.72,32736512.38,30811139.42,37307329.15,19760568,0,0,0,0,0,0,0,0,0,0,36113113.69,0,65576696.39,0,0,62507744.34,106800948.8,0,51873299,41359501.59
Gamma-L-Glutamyl-L-alanine,0,0,0,0,0,0,0,0,0,0,0,0,0,0,0,0,732960.541,0,0,13585519.86,0,0,0,0,0,0,0
Gluconate,42899444.1,56257916.99,72936442.1,67635214.23,73498445.4,67160274.68,47605518.15,87633710.83,88386617.86,48246377.94,24154148.85,34161182.49,26436383.78,38001556.25,29492337.83,24969980.98,38334223.76,42391399.32,43549977.36,120161005.6,34746542.23,40602737.35,42750561.06,318370589.9,58078843.69,54088329.98,38903242.29
Glucose,164477296.4,112332574.7,173426565.8,177569155,168410181.4,214995045.7,120047150.7,102272132.9,193178578.8,49820527.3,2593263.129,1984047.712,4578879.357,95985626.17,2750174.514,646946.8584,6793989.744,33412100.11,37438711.82,207079827.7,87502072.22,123419735,133198494.1,284601223.5,169338038.7,128376185.1,96607225.84
GLUCOSE 1-PHOSPHATE,105061707.3,51019151.84,64523221.4,37111685.25,32969285.84,118796004.8,59510197.51,34580673.88,62648024.87,7579406.991,0,0,0,46917388.13,0,0,0,0,0,86315956.51,57645539.93,69703325.86,93859492.14,56963221.33,36111449.59,92173975.93,67497220.02
GLUCOSE 6-PHOSPHATE,191853953.5,62956531.36,90812049.51,40358536.14,52742648.69,206260725.2,89610586.82,24790908.66,62040773.5,3894980.359,0,2571457.521,662817.061,79708679.18,0,0,638219.8462,3798182.24,3281671.76,105266550.7,121747975.1,125348239.2,159537119.4,8054253.792,59261765.33,204663926.4,112998827.6
GLUCURONATE,73503372.03,112138900.3,101899420.5,89457083.89,65506965.77,83145674.7,76658124.21,72804731.04,57370753.13,61186651.42,1887631.34,3902314.318,11195476.02,33896470.86,34692768.82,12416609.93,24731690.51,24641232.09,31676084.26,25621411.72,46341608.6,45872317.89,38786182.83,135087208.8,59634318.09,78504988.35,90026452.22
GLUTAMATE,1010819773,571055514.5,664843039.8,359377501.7,574616898.5,757812292.9,289674631.6,272662321.5,204895705.4,159018742.7,83240897.37,230603527.8,285308069.5,339055171.8,198926510.5,117114482.4,300173558.3,629072851.9,516840127.3,1136401498,776946849.6,532704800.2,1229442261,1471955404,497520868.3,900998678.3,831719577.5
GLUTAMINE,70889180.75,63683159.03,103364110.6,91273094.63,65166560.93,141734055.4,46120842.09,135896127.1,113097716.1,63287602.53,29161455.67,67374602.92,51602908.09,48293671.24,51971012.21,36594045.49,122987519.5,68868667.74,49513298.56,281412210.4,167055017.2,72960319.34,86000553.23,338240974.1,73250133.83,86772002.84,66869026.91
GLUTARATE,0,5602443.87,57719388.94,46841027.78,36485168.95,123321812.5,16479875.39,0,44476077.62,20292959.33,33417836.29,136286367,132647576.4,2688812.775,937298.2214,41621568.36,7163613.911,0,5334105.315,43259854.18,62162555.35,24716238.48,5790845.159,26682814.99,101917312.4,49466778.24,3499858.499
Glutathione oxidized,3516004.524,4368718.832,2512550.167,5227838.811,2317879.38,0,2929352.229,351713.4879,1279280.745,1334442.913,0,882178.3269,0,0,0,0,0,0,0,767443.4023,1305135.836,0,729772.4826,6009326.054,3516810.536,2895005.97,941463.2956
GLUTATHIONE REDUCED,293825.2093,0,24889192.01,10715777.88,357388.8174,0,18774268.61,0,677981.6361,363514.8124,0,0,0,1818893.904,0,0,0,0,0,3925140.593,37726307.43,23251332.02,2699480.672,0,0,462745.48,13857919.37
Glyceraldehyde,1184519024,1539696159,2087893551,2900933120,1669593897,1357809942,1080119209,1845554846,3065839607,3083584057,1145897279,2141156433,1545345758,2251287190,1748403885,1420745969,1927503752,1971813303,2358567308,2559736044,2854037487,2620439598,3298475752,2793990028,2828979121,1634689673,1183025512
GLYCERATE,13992478.81,15988964.93,18206367.32,19277430.06,18451768.51,22626818.58,8750400.988,51314842.11,57707568.09,38237579.25,10403083.51,41548025.17,11853020.12,14532950.84,20868730.14,41653200.27,25659619.45,18840352.51,14940266.57,12303721.07,20776553.23,25659874.71,14273611.31,26629033.71,18228849.43,7145496.805,7105483.797
GLYCEROL,137754514,149063823.5,248027780.4,275767673.2,179254226.3,179383693.5,154507602.9,314724897.1,168307150.5,168164679,286850357.5,304034489.2,183156225.2,272610789,313760919.6,280630350.5,261858324.5,248712766.9,261861838.7,237749810.4,261737196.3,249957075.4,390061323.1,528766241.4,340503745.8,251282226.1,255401249.6
GLYCEROL 3-PHOSPHATE,50875050.49,76653155.79,78693068.74,83896904.98,48476776.31,78240476.57,36263656.27,16005194.78,39546514.32,63620244.16,21397153.89,33395181.31,100874540.8,134084223.7,44840953.06,14032393.14,27003046.86,90667054.61,106219737.9,99143141.08,92087599.74,108618458.1,96232511.87,45250581.17,43226554.17,78056249.49,87645481.84
GLYCINE,50700730.55,28435463.9,27884384.92,46794113.43,27107378.07,66531839.17,23242538.38,74879616.78,41850414.52,36771221.75,0,94585838.54,41166235.18,74182973.78,68563993.52,34165335.64,33859971.93,59109896.67,74325079.04,105555997.9,89655118.19,64030054.9,76766990.36,97029373.66,67588952.72,53819019.21,38866709.32
Glycyl-L-tyrosine,0,0,0,779166.3148,0,2582864.081,0,0,12061346.43,1148340.609,0,0,0,0,690447.9998,0,32092124.79,5844900.886,0,62414170.23,0,0,0,11401096.09,0,0,0
Glycyl-L-valine,0,0,0,0,0,0,0,0,0,0,0,0,0,0,0,0,482690.0984,0,0,2476697.361,0,0,0,0,0,0,0
Gly-Gly,0,0,867974.6946,1356933.295,0,5534544.503,0,10063342.5,2472652.58,366336.2519,0,927421.5679,605974.223,0,0,0,2163810.811,556167.7758,504972.5144,3889946.363,0,0,0,974975.596,0,0,0
GUANINE,137455260.6,16330080.44,13372859.53,126904559,19382428.34,23792513.55,43317857.83,17350241.99,5856734.56,12985574.17,48964894.88,58431591.12,24687417.69,31114417.05,11683015.05,10377109.97,14298464.91,75502559.7,33792286.19,20365792.41,52543483.58,130093295.1,41246433.43,4790945.153,33869845.95,15652175.28,10131134.36
GUANOSINE,177146918.4,136034154.2,120738080.4,160910317.4,99778629.72,171982763.5,83786492.54,126225567.1,109225636.3,81948456.48,43337545.99,110999644.8,113663055.4,54589139.54,70630131.65,50703268.47,106031198.1,71908015.91,86609995.77,104391838.4,55252679.05,89824059.28,96516071.39,173704180.1,115326316.1,76461609.18,95784802.57
GUANOSINE MONOPHOSPHATE,639085.1104,0,2688073.393,1674470.36,807039.5778,3141899.221,1170624.007,0,0,0,7147634.668,16005267.26,4480469.843,3334513.804,3537636.492,0,2791508.318,3129931.829,10933298.33,7006259.478,18735877.15,6606995.292,21270344.71,0,5204947.969,11596923.48,10674213.08
Gulonic acid gamma-lactone,3106535.002,11110848.11,5598415.934,5490905.631,1079740.776,3742348.517,5528916.949,1600813.763,6018766.191,6193777.297,799403.6535,5471826.354,0,2176272.787,838790.7207,0,0,0,2871473.119,461469.6989,2198957.181,524628.1496,631846.7915,0,2276569.21,2243769.744,0
Heptanoic acid,0,504765.4447,432790.2772,356911.5116,0,0,206559.3715,291222.7988,0,0,0,845609.2794,714815.7812,0,737379.1848,1206745.404,485341.3088,0,0,471367.6408,0,543322.6893,0,799854.9843,0,0,720787.1412
HEXANOATE,4830215.84,4462023.879,4716753.368,6042254.164,3747357.77,3535917.446,2632797.426,5047263.736,1556366.908,3028652.551,6655162.457,5918430.349,16589900.79,5565237.736,4682321.158,1898900.158,8763940.923,3942336.72,6548696.026,3319685.996,6883435.148,4846773.767,6003279.286,12566469.01,6250498.302,3399857.671,4084506.813
HIPPURATE,37325859.75,34953147.33,44397619.27,67397134.99,68899966.35,43111338.06,27390336.14,29600207.77,51255768.25,46893484.73,26812240.59,55939459.36,58210645.58,30297462.52,47669818.09,29757947.43,36990820.75,44484863.64,67985181.48,10954109.99,34370539.06,34410374.73,48432579.45,21803635.42,14325903.59,27146370.42,26058554.4
HISTIDINE,6619439.969,9932713.041,5870453.446,9390779.359,10314100.53,11596948.84,3363226.89,14248622.13,9707954.356,8096669.03,0,1919982.706,3569542.164,4029843.988,2375514.608,0,0,5801277.757,2889581.911,8974270.417,9326778.23,7955896.192,8751477.168,5581139.415,2602519.613,3008582.364,4534349.472
Homocitrulline,17997436.97,6242739.788,3189941.5,8687856.809,1034951.358,15251894.13,2732268.165,49106516.12,11022364.69,3997965.403,0,7452789.789,5176737.37,3385830.097,0,0,1220954.793,1343476.088,0,1806056.924,0,613777.0742,1300101.982,0,2182550.562,1100292.472,3158942.385
Hydrocinnamic acid,600147.6088,0,814904.9208,580283.6477,361985.4675,0,0,0,0,0,0,1000767.117,0,0,0,0,0,0,0,0,0,0,0,0,0,477933.1078,342781.0331
HYPOXANTHINE,362130472.4,202470060,214522223.6,383492924,194136275.3,304609075.2,129806044.4,613475620.4,324536982.1,345779097.5,76359882.16,115736658.5,110419405.3,98827897.35,171081411.5,146197152.6,232423371.6,138166021.5,140201024.3,72291471.54,72779178.58,146258338.4,96380344.39,330186065.8,169906259.9,72852498.2,88728581.06
INOSINE,1457864925,1344405740,1263259858,2051909931,1256334298,1795841779,989294059.2,1449518493,1924322754,1539850167,574094312,800894111.6,790288340.6,648195326.2,935680343.1,719483641.3,1080212788,735897277.7,822678494.4,876216549.8,388354641.1,787657138.9,686467246.8,1895116214,1208032127,603222331.1,782760458.5
INOSINE-MONOPHOSPHATE,40145508.66,5069354.695,34898300.05,19779275.06,41489643.14,61849324.22,30906722.36,14064083.33,29017448.65,14897121.7,128761539.5,219596756.1,142881687.7,122322313.5,95533802.04,21202460.65,65111361.18,209091479.9,237882404,123814946.4,169969970.4,180629429.6,216762958.5,19684933.91,118085070.6,152969068.8,108394021.6
Isobutyric acid,5736354.877,6056699.243,2934498.136,5355676.942,4499367.027,2510071.47,2674715.494,3060205.298,2797209.78,3526024.059,7176809.46,7863949.004,4428640.273,4117963.833,4542309.911,3100454.898,3867993.114,6322602.778,4945657.444,2905220.505,5449871.873,4779236.611,5686745.187,7996332.072,6397909.919,5714966.022,3723380.144
ISOLEUCINE,91488052.37,105055166.8,139699594.9,140076479.2,88995159.7,191583006.6,40755392.79,240353471.4,198540471.4,84373781.66,44805694.51,131078984.9,76618757.77,113048683.5,88278272.07,76409319.07,295201094.3,119830220.8,90466894.47,732742501.5,110935098.1,69394018.09,72385849.98,689781099.2,66006977.21,44397900.43,59766495.37
Isonicotinic acid,4061851.638,2283325.129,4829013.446,3615922.337,1455816.052,3007027.83,2052506.906,2237531.828,1288730.497,397508.5217,920668.7816,759661.6321,2690306.121,393168.4483,565512.2342,652358.0493,543648.4426,1288406.401,0,3148638.678,3766027.162,0,751142.745,0,564626.6959,650177.2966,498818.7377
ITACONATE,9511647.123,225140.2889,289270.9056,558458.8981,1028421.562,2633385.887,228355.6643,29344628.38,1602157.446,0,0,1921571.528,0,0,0,0,0,0,490186.8519,522614.9153,0,0,611176.7912,0,0,0,0
Leu-Ala,520806.9842,0,4264910.8,411050.094,0,0,0,2396524.968,2515157.509,0,0,8479483.937,1261609.501,454193.4728,2991571.689,2717129.904,16132583.35,5943640.232,0,44321022.13,1626267.677,0,0,12909544.89,0,0,0
Leucine,191668576.5,211688214.4,316927256.3,361992666.8,222102653.9,554545590.1,84156959.94,638545207,599003825.1,276079756.9,101113347.2,338826113.4,210846840.4,217744113.8,288785038.9,208754118.9,725804881,327362535,236854597.4,1775281252,258335718.9,191869200.1,158937719.7,1506377833,181997916.1,102361176.8,140399199.3
Leu-Gly,1274957.065,629758.9099,8490993.626,3877040.083,1629871.189,5320229.935,495923.3706,17248972.35,19251858.96,3561209.369,698817.7479,40149613.6,13883142.27,6177370.064,11740016.17,10980448.31,51464476.07,15702107.1,4719690.67,107134825.2,4336222.1,3987427.77,1670480.302,31129480.53,1361518.922,743274.4735,2203781.022
Levulinic acid,11046647.15,7162117.915,7377532.712,10254097.21,5151976.379,5181201.845,3728883.581,15467788.1,9353415.845,13603618.64,7165566.617,14401712.12,11077247.46,7830422.998,9358529.584,6878664.03,14511112.7,17073520.26,14984765.09,8941224.399,13991822.87,10239916.26,17889941.15,16910856.08,15956759.6,10107864.55,8859622.357
L-Methionine sulfoxide,15523674.57,29024260.93,25250667.23,23376556.33,9230350.873,14639041.67,14028956.86,5009885.6,16070316.31,7048501.864,1630739.278,3704056.735,24206231.89,8669197.071,7155015.079,2542955.925,27951037.79,30168922.79,28497902.33,3847219.983,11839023.02,13971311.94,7296586.29,74369966.71,14724955.61,14166945.75,20031059.3
Lysine,23526418.51,26352154.96,34583116.42,29302123.21,27666272.46,48089919.61,11503094.13,67456395.26,64738125.86,42979420.87,9303174.469,55096259.03,36658707.65,20568488.56,18267043.17,46634292.32,119799405.7,59663775.81,41413051.14,363407169.9,21481085.19,20030306.24,25174265.95,213580471.3,16274185.1,10128982.87,21005764.07
MALEIMIDE,0,0,0,0,0,0,229577.2508,0,0,0,0,700719.6815,478634.0836,421072.609,0,0,544879.294,572439.3221,0,0,693312.6497,0,0,0,0,0,0
Malic acid,2206070941,2212533622,2590356880,2340607398,2298439354,2214989474,1284768345,2771175917,2526994156,3080747029,1507606946,3421407576,2582187565,2976455271,2526803224,2844976904,3766582419,3495920350,3347606591,3629120889,3032944740,3127389995,2512110095,5861921813,3345658355,2209055627,1946549770
Maltotriose,420727700,563729134.4,519432012.4,269402748,151050970.1,358562908.4,316890201.8,65770113.5,169754312.1,1083957.12,0,0,0,132128162.5,0,0,0,592258.9025,1622191.712,34017551.85,383833760.8,229086816.7,600688381.7,92505664.99,249370645.9,317641295.2,249395351.7
METHIONINE,35327971.68,48749969.57,62412640.64,76832711.6,42328887.73,116060942.5,18604488.31,135486624.5,127365028.9,53215019.17,4917004.71,51756896.36,37863286.36,36930091.38,52533698.64,32276290.39,152611548.4,78962963.04,43080814.99,376745558.9,49122832.59,40723498.11,35955721.16,336132099.2,40131437.62,32235686.93,39388930.29
METHYL GALACTOSIDE,155573077.2,127545946.3,191369854.4,188692907.3,90802936.88,152702596.5,142409698.9,74554395.18,251861896.9,4833508.281,0,3284676.302,569281.1022,130697964.6,0,0,0,3793191.802,6955109.182,672063189.7,292319501.1,178409694.9,483705098.8,773086917.7,166876633.6,227796306.1,210356503.2
Myo-Inositol,34726801.41,42927853.75,39561244.68,23815080.36,11554146.56,28406195.42,18867884.21,11971315.57,13018297.48,4127621.889,0,5436181.746,1986848.748,6996235.679,2793410.494,1862376.658,6928079.887,3492984.148,1835275.659,11901478.2,18419471.99,14437050.52,35279500.15,24246034.36,23120194.17,25481720.09,19563849.6
N-(phenylacetyl)glycine,731086.2634,723466.0711,0,355555.7841,0,304699.2678,0,0,333818.1986,0,0,0,0,0,0,648207.7724,0,0,0,0,0,448000.4732,0,0,0,0,0
N-ACETYLALANINE,1079987.371,183446.6796,1646330.298,5799802.812,329920.6471,6743390.199,179521.5914,5500812.572,7741011.63,4311921.464,0,7043243.42,5228407.437,385624.2851,0,0,5549986.757,685553.9043,2327712.323,16261437.91,461300.3272,0,0,12814778.21,589107.3314,0,668821.3742
N-Acetyl-L-aspartic acid,26133740.84,9021792.964,12319512.81,23288955.47,10140199.06,15283779.06,8046289.391,28619749.28,25376112.35,18574019.28,25879731.1,43961890.92,30750680.75,10784894.39,17496590.87,10918361.97,33486545.68,25771566.96,38490493.34,38351176.69,10976076.7,19707912.67,26377548.52,42982690,15764206.47,2593434.287,4309843.299
N-Acetyl-L-methionine,663582.4557,1134636.317,1898617.965,5907612.468,2249628.613,2806168.334,476734.2839,1811697.605,5749941.31,6969503.709,0,1783616.089,0,419393.3614,1575984.738,1459053.553,2409152.146,1776315.82,2257986.25,4513737.792,1680376.296,2508910.21,709792.3096,4458553.846,2475031.381,0,2058748.228
N-ACETYLNEURAMINATE,1501446.128,1885759.952,915752.9213,0,0,1039985.141,0,852737.0955,3429282.965,359632.5539,0,0,4692726.369,2674495.08,2298293.03,0,0,746690.7426,524606.5953,431364.1377,0,0,0,892993.4261,0,0,693292.0111
NICOTINAMIDE,166480807,134159770.9,199830143.7,221003110.9,160814589.2,207965211.4,120006709.4,250960667.5,224022955.6,175921841.7,210174282.3,327516457.7,290843249.7,195543755.4,189751814.4,128689414.7,219603711.3,192023080.1,264497948.8,172917502,182943925.1,192577659.4,222158153.7,227914392.2,229390939.4,181066991.8,181883599
N-METHYLGLUTAMATE,6854642.19,6862839.646,242336.6668,0,14918247.74,29328178.04,8857420.962,6261096.231,22141272.42,0,15065975.1,705072.2985,27205404.22,0,0,2250180.652,0,0,0,0,6625503.767,0,5511170.491,862338.0525,0,4692017.232,0
NORVALINE,100714593.5,98365391.98,129613969.4,132652536.3,80898409.7,198867207.6,43707504.62,318518961.6,232501710.4,79763047.2,43338777.79,156272326.9,95569293.63,95454824.29,106756689,94122127.37,310073445.1,114722933.2,94790846.43,596860426.7,105780926,81993927.78,85937390.72,617074258,80203588.63,52266198.85,73584343.42
O-ACETYLSERINE,13285531.17,6680676.536,12315995.49,24139529.31,13191092.4,36491466.23,2193221.775,31517505.98,34622855.39,17515045.35,0,13481929.11,7582377.805,3969895.67,5167860.607,8883830.444,33496334.37,15076320.42,6314673.72,54120355.93,0,2837420.101,2343666.594,67846078.2,6722468.414,1084709.038,6921640.523
O-PHOSPHOETHANOLAMINE,19704099,24711281.09,21160243.93,28743940.15,8906075.663,15829943.02,7678932.487,8818168.067,12404981.27,15266546.46,0,20517115.43,15432493.74,19980732.61,3170326.301,3642822.299,7015573.545,8724171.246,15781184.09,24913651.85,22376270.27,22756539.14,24502231.49,4401039.684,14376304.08,11208659.17,10297909.02
OPHTHALMATE,5899747.862,2741512.396,10942096.31,4375666.965,866360.79,18400199.81,1723228.504,0,1814297.715,0,0,0,463219.3639,1531875.305,0,0,0,0,1045547.654,2849017.395,2880625.943,2262780.835,3526550.022,4449908.198,2827361.199,1789189.109,3188145.897
ORNITHINE,6934981.477,5922279.679,10295023.42,12252359.52,8658974.635,10665711.57,4417898.131,10722280.3,6360486.407,13740477.61,0,0,1345460.055,7051358.958,2170105.116,4126324.768,9865738.878,10766160.54,1786436.996,8729485.599,9060083.532,5235056.474,4425566.005,9769009.713,2585133.038,7116060.66,5673817.917
OXALATE,29603993.95,21202257.45,22498870.95,25762438.8,24279165.35,25491170.37,19325230.39,29499955.52,21857137.96,32956434.85,50777963.54,69633173.37,48043481.22,24814501.57,49788476.07,43290276.89,47456839.39,52887570.29,57418583.98,43763459.71,39231154.49,39867652.84,54849534.24,69942837.18,42152366.08,37437753.61,23720998.14
PANTOTHENATE,199707475.1,163839319.1,221535141.4,229556226.8,145219433.7,285452693.3,114510708.1,307234820.7,349529040,267339572.7,271697848.9,624774412.7,406691549.4,152520700.8,118472462.7,115724515.9,280449610.8,199840586.3,267365598.9,139465471.4,201572717.3,179767805.8,170833897.2,168405598.2,247239934.6,187768914.3,107254181.8
Phe-Gly,0,0,0,0,0,754418.766,0,0,2759949.087,279507.0265,0,0,0,0,0,0,6844332.58,2097872.615,0,12752398.09,0,0,0,3867629.586,0,0,0
PHENYLACETATE,0,0,0,309107.4476,0,232043.7097,0,365093.0422,361333.785,0,0,0,772670.0626,0,0,0,518855.1853,0,0,0,0,0,0,0,0,0,720590.9594
PHENYLALANINE,43389654.45,27606593.83,66637834.95,46839907.87,21803893.52,160478346.7,11065300.55,222772168.6,129406596.7,34358196.02,0,57049108.21,28934517.77,21250690.6,26622501.83,21279621,186620513.8,72261240.82,32777591.51,1004506042,52734261.11,20716666.01,41717267,638444122.3,24946604.85,18290471.95,23304546.63
Phenylglyoxylic acid,290835.4898,0,237241.2531,0,0,636368.401,0,0,0,0,0,0,0,0,2558674.846,0,694551.4155,893098.1882,708887.2621,0,725239.4967,877383.7625,778191.5922,2746663.694,610959.8464,581893.8024,1433945.503
Phenylpyruvic acid,2701236.702,1438071.398,1311114.256,1523290.43,921999.1858,1599474.475,1819341.002,16880711.82,1814541.967,496338.0681,0,803058.7359,484358.8696,451657.5186,9275496.748,608404.4978,3328734.426,748646.3821,2037075.404,0,2722652.742,4465940.58,695950.5102,6703462.669,2084591.077,1331469.321,2711399.721
PHOSPHOENOLPYRUVATE,0,327227.7104,527714.6837,0,0,0,0,0,1127738.985,627529.5478,0,0,0,0,0,0,0,0,0,0,1178699.003,0,0,0,0,0,0
Phosphoric acid,748048257.2,771765152.4,792846001.7,1158336058,699149936.6,1063378683,469296274.3,1193961051,958014047.3,954400201.4,844090581.7,1432706498,954662979.8,610149495.3,759498213.7,631854953.3,1128052897,901674412.2,1064377823,897918427.4,776657386.7,725010974.7,820487303,1206615901,855191036.4,681525511.1,688893526.5
PHOSPHORYLCHOLINE,12566272.81,6183696.527,4188421.186,8842945.858,6140146.115,12809068.77,3499133.955,11606723.61,19217547.01,10874001.95,8180639.468,37885640.24,25811242.97,449706.4167,957315.2505,1389403.597,12916173.83,0,1815844.988,28329428.26,698504.9649,589565.2337,731023.4263,17477279.2,3708599.771,4842124.713,5642179.306
PROLINE,38408842.92,35045424.61,72820727.62,74977828.62,60249020.2,74369850.93,49378325.07,127606241.1,102072899,89384668.94,14071606.7,23474835.1,12864678.42,147437018.8,106610651.8,171049521.1,102557219.9,53027864.09,47688516.5,281006917.5,87490638.85,73847178.77,76543829.97,324969652.1,93007579.31,58447426.98,80563099.83
Pseudouridine,2400403.964,262542.3258,0,2775131.737,352843.3832,2053287.214,0,20824697.55,2158701.264,11282325.39,0,0,0,0,575152.0893,555490.3022,1992809.677,0,0,0,0,0,0,0,0,0,0
PYROGLUTAMATE,138509958.5,90980921.21,154726687,126329573,96571785.91,125796293.8,81527224.37,107077336.5,89817497.15,93372073.43,86210608.27,137825092.7,156101552.2,85336616.03,99214547.92,114303878.5,145584199.5,175822088.8,90527947.2,179257542,128538533.7,105417540.3,141993185.4,353701250.5,117773812.8,98196204.18,91777202.47
Pyruvic acid,22331383,17028095.52,23575418.23,28574953.96,23543719.56,19499320.65,14424542.84,31931579.13,55402617.12,27962547.73,29136819.44,41718730.6,30766897,25788970.15,24282925.86,30586060.85,47233909.51,29737632.33,34406050.48,51593360.32,27320506.88,29590217.23,38121367.09,54719762.6,38221127.35,23650989.62,18419587
S-ADENOSYLHOMOCYSTEINE,1267413.639,631422.3896,1790213.095,1870389.034,1243218.02,385323.4116,2001719.41,1289018.443,1653089.043,1351590.11,0,2730351.258,2439278.458,593652.2908,805025.7531,0,792812.2814,841706.5452,628165.6188,490198.8759,0,584430.8314,0,972433.7225,0,0,0
SALICYLATE,2239701.299,2144194.262,930956.5727,2023808.687,1264439.317,374860.7108,859106.4572,2297159.597,1338733.504,792728.269,0,985145.2499,0,1144074.615,7557496.039,506317.3478,2904926.066,4230494.219,2301597.486,1545446.317,5475090.458,3535204.718,1990291.775,4328884.105,2555568.6,0,2539936.283
SARCOSINE,28346642.37,13800527.81,41453790.45,47480030.2,0,56092908.24,58562767.56,191394263.8,115243773.7,66434905.86,175045589.8,427128293.6,83582245.63,32316979.44,0,105435902.8,27217797.7,0,0,0,0,0,0,59032894.24,115043499.4,34619424.63,54775297.69
Sedoheptulose 7-phosphate,15096987.83,5527842.459,7561169.479,2585611.962,1490767.181,17248249.36,4939029.348,2775403.447,5248404.432,0,0,0,1410339.812,3681278.427,0,0,0,0,0,5167998.606,10354721.91,773663.9641,5828958.852,0,0,6685352.579,5510539.004
SERINE,31479266.55,23966593.1,29732172.97,34365296.3,24194575.27,74425386.8,9556852.433,72375120.72,55279907.9,24081156.23,0,15846707.83,7094986.093,20109038.83,15795218.38,24787724.09,41036263.4,35252597.97,20760839.12,135943310.9,60633517.42,41246314.92,35095914.79,121333322.1,18850641.49,26152959.77,23303371.71
STACHYOSE,30273806.76,21930570.83,16252796.9,8471753.126,372847.9595,15758074.57,7362814.073,0,2350292.723,0,0,0,0,0,0,0,0,0,0,2074233.343,2779227.987,2040299.896,7603525.597,0,0,2514981.677,3708097.093
SUBERATE,265350.4481,263713.4297,211913.491,0,0,0,0,0,0,0,0,0,0,0,782774.3909,0,0,0,0,553539.3478,0,0,0,0,0,0,0
SUCCINATE,1719988.992,3427689.291,6657599.921,4763084.641,4281535.734,8860751.761,1631283.361,6819951.299,6171558.892,3118021.164,2019152.603,8333170.658,10039312.31,20564570.1,6790365.753,5673105.316,4076595.396,6890268.475,15296638.09,17943786.86,30260155.38,14891003.17,22360295.3,13905763.57,15646768.73,10858607.43,6540735.853
Sucrose,0,0,0,0,6431370.216,0,0,0,0,0,0,0,0,0,0,0,849752.4456,1999069.995,0,0,0,0,0,0,0,0,0
TAURINE,7317192777,6661186056,7443607544,7654240644,4788758798,8687508501,5154392395,9065663180,7636485465,7798542943,7371236125,12307453819,6145204265,6127505865,3816830042,3401541023,5126154974,5680637583,5583887833,6268497534,7305150911,6959934163,7262984907,8339290514,8263563845,7792515307,4655718698
Taurohyodeoxycholate,110356006.4,17595990.15,86407179.44,97607817.21,97235470.42,23837829.3,14701617.45,832867.1226,79155522.89,29106820.89,79657936.75,66019744.62,83484124.02,771688708.3,63008073.51,95783894.65,668524711.6,808710899.6,103153295.5,2749829799,40984389.08,1079868213,427539676.2,1171524693,1388278250,286569746.6,351729798
Threonic acid,212759756.3,106241396.4,109507046.3,114098773.4,162108683.8,308899901.1,77447483.25,243047560.7,135051061.9,192437464.1,315484946.3,1153186080,411281508.2,158082508.1,368166704.3,296053051.6,496232023.9,638149126.7,575168937.6,229796988.5,236690586.8,108269508,316387031.2,127882128.9,545833811.4,485528995.3,228859341.2
TRANS-4-HYDROXY-L-PROLINE,3406234.023,8559426.861,8858602.235,3719343.775,1379640.778,0,2555873.538,383473.3971,0,764982.9103,910156.2597,0,0,414377.4258,0,0,0,0,0,0,1605637.122,468165.0878,1297816.078,5776595.784,685808.706,473502.493,1998595.718
TRYPTOPHAN,28644275.4,24996778.99,33885855.79,30791546.94,15557461.13,41544160.27,9673807.325,49218635.43,36994241.69,15428589.47,0,16203764.38,10252454.57,19386369.89,14603748.67,4473087.154,53729605.28,22245289.77,12493451.35,198766876.5,23207304.71,12831600.86,12240793.65,135519061.5,15534264.7,13878831.62,13792633.58
TYROSINE,66674168.8,57753656.75,100841044.9,117278355.8,86827140.5,166989919.9,32463666.12,127254606.3,137723923.7,65661869.93,17012688.52,84024849.21,45696600.52,70499309.88,86022771.87,51572896.27,202683041.2,112586630.7,65384470,524045180.8,115973610.7,69078224.88,66008379.6,384556857.4,75210329.43,56423428.88,62492926.03
URACIL,53759764.84,16779276.04,19510882.71,39200228.77,12388342.99,34031605.65,1458670.215,178872183.6,45178695.09,64090479.56,28345663.69,43104355.23,36980294.46,4214505.748,44172746,44543287.69,77321825.98,8368530.244,27632538.66,11384170.6,526900.493,2319764.678,1307446.706,67446413.97,4806547.198,923124.1704,1868585.199
Uric acid,0,0,0,292093.1387,285875.2477,0,0,0,2193482.718,0,0,3325298.418,0,1222425.988,0,0,0,0,670206.1344,8113706.677,466989.7538,0,657087.3783,0,0,0,0
URIDINE,204012113.5,368594036.4,199216890.4,319001259.4,111605280.2,177072579.7,160939824.5,150383719.4,141734035.2,170115787.8,27329216.01,61743672.09,45423361.4,37062315.12,55184715.67,39419321.73,51740793.64,16282017.95,35662876.65,48993328.92,26549064.03,40850016.07,55706973.5,277730022.2,95425624.45,58890926.68,67890136.73
Uridine 5'-monophosphate,38050007,10259081.21,44477578.48,14507800.08,36290779.76,58571389.27,31925606.79,12597464.06,19979739.99,19051995.55,31680173.37,77977087.19,72570685.71,61719309.87,33910091,22301072.7,53582339.66,52205117.33,71752110.15,35441361.06,78303911.31,54700036.36,51720445.68,25846442.01,49903367.31,51853757.33,73146926.64
URIDINE DIPHOSPHATE GLUCOSE,1959366.666,0,2910146.03,7891378.765,733714.8433,8847609.329,1890742.675,2143741.389,6000877.292,7027431.113,0,2579610.414,5332731.11,0,0,0,0,1076655.886,684389.1775,523253.8921,1229377.419,0,594311.9306,0,2996245.338,2453720.9,2723446.472
URIDINE DIPHOSPHATE GLUCURONIC ACID,0,0,263618.6057,0,0,0,299450.8256,0,0,0,0,0,679860.2383,0,0,0,731327.2094,0,0,1054839.525,1098597.245,1430867.267,714411.4031,0,1049466.464,560479.2204,1581399.05
URIDINE DIPHOSPHATE-N-ACETYLGLUCOSAMINE,321197.9889,313652.3321,608526.9135,1120546.806,1062554,0,556711.4992,2040472.8,5499749.64,9363281.367,2259955.97,2085469.832,7351763.249,0,1535780.052,0,2497610.516,2921397.002,3590115.699,24345720.53,0,601660.1227,0,17472185.82,692445.3665,0,1219056.757
XANTHINE,227476941.4,226858388.8,217906166.1,276842979.9,205572873.3,215417279.3,115699357.6,285032580,253448156.2,279104825.8,158696448.1,214828503.1,205312068.8,174281293.5,220538911.9,202884576.8,289538980,195326463.5,207980527.4,103323406.5,155484000.6,209016619.3,170383331.2,334479135.4,224609168.3,136657761.4,133565386.1
